Account_ID,Industry,Tier,ARR,Renewal_Date,Days_To_Renewal,Login_Drop_Rate,Support_Tickets,Resolution_Time_Hours,Payment_Failures,NPS_Score,License_Utilization,Storage_Utilization,Feature_Usage_Score,Churn_Risk_Label,Upsell_Opportunity_Label
ACC-1000,Technology,Enterprise,169151,2026-03-23,50,0.12,10,51,1,2,0.56,0.41,92,1,0
ACC-1001,Healthcare,Enterprise,174329,2026-01-20,-12,0.79,15,21,0,4,0.11,0.24,22,1,0
ACC-1002,Retail,Pro,45920,2027-01-10,343,0.42,2,21,0,10,0.68,0.7,19,0,0
ACC-1003,Manufacturing,Enterprise,170640,2026-04-10,68,0.04,3,21,0,3,0.74,0.97,96,0,1
ACC-1004,Finance,Basic,19768,2026-01-07,-25,0.78,4,52,0,7,0.45,0.93,55,0,1
ACC-1005,Manufacturing,Enterprise,242605,2026-04-02,60,0.49,9,36,0,3,0.5,0.87,34,1,0
ACC-1006,Finance,Pro,45370,2026-06-23,142,0.05,3,72,0,1,0.8,0.82,90,0,1
ACC-1007,Technology,Pro,38429,2026-05-30,118,0.36,5,54,0,8,0.6,0.32,71,0,0
ACC-1008,Technology,Pro,27396,2026-04-16,74,0.34,9,69,0,10,0.25,0.19,69,0,0
ACC-1009,Manufacturing,Pro,38462,2026-02-24,23,0.51,10,27,0,10,0.48,0.81,97,1,0
ACC-1010,Finance,Pro,22770,2026-02-09,8,0.62,10,70,1,5,0.3,0.94,60,1,0
ACC-1011,Finance,Enterprise,207914,2026-04-07,65,0.19,2,63,0,9,0.94,0.46,68,0,1
ACC-1012,Retail,Enterprise,103562,2026-06-21,140,0.09,5,70,1,5,0.36,0.24,29,1,0
ACC-1013,Technology,Enterprise,138842,2026-02-03,2,0.24,5,2,0,8,0.45,0.18,87,0,0
ACC-1014,Technology,Pro,28096,2026-06-05,124,0.2,6,38,0,10,0.64,0.12,53,0,0
ACC-1015,Retail,Basic,13263,2026-08-06,186,0.41,0,57,0,0,0.63,0.32,49,1,0
ACC-1016,Retail,Pro,22075,2026-12-27,329,0.26,12,36,0,8,0.92,0.37,68,0,1
ACC-1017,Retail,Enterprise,207011,2026-01-16,-16,0.45,5,69,0,2,0.5,0.21,51,1,0
ACC-1018,Technology,Basic,11483,2026-09-03,214,0.76,5,7,0,3,0.14,0.31,56,1,0
ACC-1019,Healthcare,Pro,40083,2026-03-24,51,0.73,7,21,0,6,0.28,0.11,65,1,0
ACC-1020,Healthcare,Pro,22116,2026-08-09,189,0.45,8,46,0,9,0.76,0.34,65,1,0
ACC-1021,Manufacturing,Pro,42027,2026-12-20,322,0.23,12,54,1,6,0.32,0.57,73,1,0
ACC-1022,Technology,Pro,30799,2026-01-23,-9,0.56,7,53,0,8,0.45,0.12,81,1,0
ACC-1023,Technology,Pro,33704,2026-10-16,257,0.56,10,46,0,8,0.34,0.14,12,1,0
ACC-1024,Technology,Basic,17156,2026-11-29,301,0.45,2,60,0,5,0.74,0.32,49,1,0
ACC-1025,Finance,Pro,31162,2026-07-12,161,0.75,2,42,0,9,0.68,0.2,78,0,0
ACC-1026,Retail,Basic,7386,2026-07-15,164,0.68,3,3,0,5,0.95,0.45,39,1,0
ACC-1027,Finance,Pro,37438,2026-05-21,109,0.53,4,6,0,0,0.2,0.45,32,1,0
ACC-1028,Healthcare,Enterprise,245482,2026-11-17,289,0.77,7,69,0,0,0.95,0.97,89,1,0
ACC-1029,Retail,Enterprise,199221,2026-08-02,182,0.51,1,66,0,0,0.52,0.52,26,1,0
ACC-1030,Finance,Basic,16826,2026-05-02,90,0.41,3,37,1,2,0.54,0.35,42,1,0
ACC-1031,Finance,Basic,13883,2026-08-18,198,0.14,5,50,0,7,0.87,0.5,61,0,1
ACC-1032,Technology,Pro,25321,2026-04-12,70,0.34,2,41,0,8,0.2,0.94,18,0,1
ACC-1033,Finance,Basic,12298,2026-04-14,72,0.62,10,51,0,9,0.87,0.27,25,1,0
ACC-1034,Healthcare,Pro,20880,2026-09-28,239,0.4,3,30,0,8,0.16,0.31,77,0,0
ACC-1035,Technology,Pro,29756,2026-08-25,205,0.03,6,6,0,1,0.23,0.88,67,1,0
ACC-1036,Healthcare,Basic,10683,2026-05-13,101,0.3,9,66,0,7,0.47,0.45,72,0,0
ACC-1037,Healthcare,Pro,23577,2026-03-04,31,0.53,10,20,0,8,0.59,0.98,28,1,0
ACC-1038,Healthcare,Enterprise,189261,2026-11-25,297,0.22,2,17,0,3,0.78,0.68,19,0,0
ACC-1039,Finance,Pro,21207,2026-05-07,95,0.24,5,29,0,6,0.49,0.21,74,0,0
ACC-1040,Manufacturing,Basic,19369,2026-08-26,206,0.06,3,62,0,0,0.57,0.76,77,0,1
ACC-1041,Technology,Enterprise,207280,2026-02-09,8,0.02,3,45,0,4,0.21,0.95,56,0,1
ACC-1042,Technology,Basic,10625,2026-11-11,283,0.06,4,64,0,1,0.95,0.41,40,0,1
ACC-1043,Technology,Basic,10882,2026-07-29,178,0.79,1,24,0,3,0.95,0.88,57,1,0
ACC-1044,Finance,Pro,36676,2026-06-19,138,0.3,9,31,1,2,0.42,0.99,35,1,0
ACC-1045,Technology,Enterprise,240088,2026-03-05,32,0.69,12,56,0,6,0.71,0.43,57,1,0
ACC-1046,Technology,Basic,9954,2026-04-23,81,0.38,0,28,0,7,0.85,0.49,94,0,1
ACC-1047,Healthcare,Enterprise,97495,2026-08-09,189,0.13,12,57,0,3,0.83,0.83,89,1,0
ACC-1048,Retail,Pro,48367,2026-08-20,200,0.13,1,24,0,9,0.64,0.41,87,0,0
ACC-1049,Manufacturing,Enterprise,234922,2026-09-11,222,0.29,15,39,0,6,0.71,0.64,46,0,0
ACC-1050,Manufacturing,Pro,31169,2026-02-22,21,0.58,2,35,0,5,0.25,0.73,55,1,0
ACC-1051,Technology,Enterprise,207993,2026-07-20,169,0.47,3,24,0,9,0.88,0.46,47,0,1
ACC-1052,Finance,Enterprise,216035,2026-03-10,37,0.7,14,5,0,0,0.38,0.28,24,1,0
ACC-1053,Retail,Pro,27098,2026-10-19,260,0.03,1,46,0,3,0.43,0.76,55,0,1
ACC-1054,Manufacturing,Basic,9163,2026-09-04,215,0.05,10,27,1,8,0.1,0.74,19,1,0
ACC-1055,Technology,Enterprise,179976,2026-05-24,112,0.12,2,54,0,10,0.27,0.54,80,0,0
ACC-1056,Manufacturing,Pro,43884,2026-07-29,178,0.39,9,70,0,7,0.39,0.25,51,0,0
ACC-1057,Finance,Pro,38846,2026-11-22,294,0.43,7,55,0,6,0.42,0.67,81,1,0
ACC-1058,Manufacturing,Pro,40655,2026-02-27,26,0.22,7,48,0,6,0.39,0.99,19,0,1
ACC-1059,Manufacturing,Enterprise,52426,2026-11-30,302,0.47,13,42,0,3,0.5,0.95,32,1,0
ACC-1060,Technology,Basic,12895,2026-06-06,125,0.2,10,51,0,1,0.41,0.69,95,1,0
ACC-1061,Technology,Pro,33828,2026-07-16,165,0.71,1,8,0,2,0.18,0.85,66,1,0
ACC-1062,Technology,Pro,46733,2026-03-09,36,0.39,8,17,0,10,0.3,0.99,46,0,1
ACC-1063,Manufacturing,Enterprise,127178,2026-05-27,115,0.67,5,49,0,5,0.65,0.93,50,1,0
ACC-1064,Healthcare,Basic,6547,2026-08-19,199,0.29,11,43,0,0,0.91,0.79,73,1,0
ACC-1065,Healthcare,Basic,14213,2026-09-11,222,0.19,1,43,1,2,0.99,0.86,31,1,0
ACC-1066,Finance,Enterprise,113590,2026-05-12,100,0.54,12,50,0,9,0.13,0.53,93,1,0
ACC-1067,Healthcare,Basic,7668,2026-03-14,41,0.55,14,53,0,10,0.75,0.78,54,1,0
ACC-1068,Healthcare,Basic,14800,2027-01-10,343,0.6,9,28,0,4,0.38,0.16,44,1,0
ACC-1069,Retail,Enterprise,203967,2026-02-16,15,0.69,7,32,0,2,0.28,0.26,37,1,0
ACC-1070,Retail,Pro,43281,2026-04-15,73,0.33,7,26,0,9,0.28,1.0,56,0,1
ACC-1071,Finance,Enterprise,197766,2026-11-18,290,0.54,12,24,0,2,0.46,0.62,40,1,0
ACC-1072,Finance,Enterprise,125119,2026-09-09,220,0.08,15,37,0,7,0.11,0.71,14,0,0
ACC-1073,Healthcare,Basic,14972,2026-08-14,194,0.12,11,12,0,2,0.79,0.99,12,1,0
ACC-1074,Retail,Pro,31232,2026-09-16,227,0.17,13,25,0,6,0.43,0.62,56,0,0
ACC-1075,Retail,Enterprise,223562,2026-05-28,116,0.04,6,19,1,8,0.51,0.83,28,1,0
ACC-1076,Retail,Basic,18598,2026-02-21,20,0.7,2,41,0,3,0.69,0.2,19,1,0
ACC-1077,Manufacturing,Pro,45818,2026-10-25,266,0.22,11,64,0,7,0.65,0.39,29,0,0
ACC-1078,Technology,Basic,15431,2027-01-27,360,0.25,0,11,1,10,0.68,0.68,25,1,0
ACC-1079,Finance,Enterprise,92314,2027-01-20,353,0.69,12,38,1,5,0.99,0.46,72,1,0
ACC-1080,Technology,Pro,40060,2026-03-12,39,0.29,10,26,0,10,0.71,0.9,40,0,1
ACC-1081,Retail,Pro,36680,2026-04-21,79,0.77,0,34,0,4,0.4,0.71,19,1,0
ACC-1082,Retail,Enterprise,182178,2026-12-01,303,0.71,12,32,0,4,0.94,0.54,13,1,0
ACC-1083,Finance,Pro,46703,2027-01-06,339,0.63,10,40,0,1,0.13,0.44,65,1,0
ACC-1084,Healthcare,Basic,14080,2026-03-08,35,0.74,4,42,0,8,0.79,0.97,61,0,1
ACC-1085,Retail,Enterprise,155908,2026-09-30,241,0.47,3,3,0,2,0.42,0.52,55,1,0
ACC-1086,Manufacturing,Enterprise,93060,2026-07-27,176,0.23,4,52,0,0,0.29,0.35,99,0,0
ACC-1087,Finance,Enterprise,98529,2026-12-14,316,0.43,12,30,0,6,0.32,0.45,55,1,0
ACC-1088,Retail,Pro,39602,2026-02-26,25,0.23,13,29,0,1,0.7,0.32,52,1,0
ACC-1089,Healthcare,Pro,34222,2026-02-28,27,0.58,11,6,0,2,0.46,0.23,62,1,0
ACC-1090,Healthcare,Enterprise,137318,2026-10-28,269,0.43,2,28,1,7,0.91,0.17,10,1,0
ACC-1091,Technology,Basic,16110,2026-08-26,206,0.61,2,33,0,4,0.78,0.77,35,1,0
ACC-1092,Retail,Basic,16136,2027-01-08,341,0.75,11,33,1,7,0.94,0.45,11,1,0
ACC-1093,Technology,Enterprise,247951,2026-01-17,-15,0.56,9,22,0,1,0.8,0.65,24,1,0
ACC-1094,Finance,Enterprise,72075,2026-08-08,188,0.58,9,24,0,8,0.39,0.94,54,1,0
ACC-1095,Manufacturing,Enterprise,130405,2026-05-30,118,0.17,4,65,0,3,0.28,0.56,74,0,0
ACC-1096,Technology,Pro,44226,2026-06-25,144,0.3,6,10,0,9,0.68,0.22,85,0,0
ACC-1097,Manufacturing,Pro,46663,2026-01-15,-17,0.08,9,11,0,8,0.86,0.54,70,0,1
ACC-1098,Manufacturing,Pro,23841,2026-06-17,136,0.7,4,41,1,9,0.95,0.68,68,1,0
ACC-1099,Manufacturing,Basic,10271,2026-05-15,103,0.01,15,53,0,4,0.94,0.46,63,1,0
ACC-1100,Finance,Basic,17538,2026-02-06,5,0.51,12,52,0,9,0.46,0.68,100,1,0
ACC-1101,Technology,Enterprise,112595,2026-10-20,261,0.65,0,34,0,6,0.45,0.66,37,0,0
ACC-1102,Finance,Enterprise,246088,2026-09-17,228,0.55,2,48,0,7,0.85,0.51,53,0,1
ACC-1103,Retail,Pro,23758,2026-07-31,180,0.56,2,5,0,0,0.58,0.47,93,1,0
ACC-1104,Technology,Pro,41012,2026-08-11,191,0.3,12,38,0,7,0.49,0.83,16,0,1
ACC-1105,Finance,Basic,5946,2026-08-30,210,0.7,7,45,0,2,0.95,0.51,59,1,0
ACC-1106,Retail,Enterprise,186208,2026-07-22,171,0.5,15,20,0,7,0.29,0.24,37,1,0
ACC-1107,Retail,Basic,18963,2026-02-21,20,0.63,5,46,0,7,0.87,0.48,70,0,1
ACC-1108,Technology,Basic,5877,2026-06-02,121,0.58,9,66,0,9,0.94,0.23,51,1,0
ACC-1109,Technology,Pro,21260,2026-07-21,170,0.55,9,64,0,2,0.74,0.49,78,1,0
ACC-1110,Retail,Pro,22529,2026-07-10,159,0.15,5,68,0,4,0.63,0.52,91,0,0
ACC-1111,Manufacturing,Pro,39788,2026-09-30,241,0.34,7,49,0,3,0.89,0.72,17,1,0
ACC-1112,Healthcare,Enterprise,76128,2026-02-03,2,0.02,7,31,0,3,0.85,0.25,28,1,0
ACC-1113,Healthcare,Pro,46216,2027-01-30,363,0.36,0,54,1,6,0.74,0.83,58,1,0
ACC-1114,Healthcare,Basic,5647,2026-06-07,126,0.14,0,26,0,8,0.78,0.21,36,0,0
ACC-1115,Technology,Pro,29896,2027-01-20,353,0.24,7,11,0,9,0.49,0.25,51,0,0
ACC-1116,Manufacturing,Basic,5579,2026-11-17,289,0.65,8,19,1,8,0.51,0.61,95,1,0
ACC-1117,Finance,Enterprise,109336,2026-09-30,241,0.09,0,52,0,3,0.16,0.77,86,0,1
ACC-1118,Healthcare,Enterprise,166433,2026-04-18,76,0.33,8,23,0,1,0.18,0.18,37,1,0
ACC-1119,Retail,Pro,47757,2026-06-06,125,0.34,6,32,1,6,0.71,0.61,59,1,0
ACC-1120,Retail,Pro,48261,2026-11-20,292,0.16,5,44,0,9,0.49,0.53,66,0,0
ACC-1121,Healthcare,Pro,43197,2026-08-24,204,0.17,0,60,0,6,0.63,0.74,68,0,0
ACC-1122,Finance,Basic,5432,2026-05-14,102,0.59,2,9,0,6,0.53,0.22,47,0,0
ACC-1123,Retail,Basic,5799,2026-03-13,40,0.59,5,61,0,5,0.25,1.0,17,1,0
ACC-1124,Manufacturing,Pro,44342,2027-01-10,343,0.43,8,22,0,8,0.43,0.7,63,1,0
ACC-1125,Retail,Enterprise,82033,2026-04-26,84,0.06,14,19,0,0,0.78,0.84,88,1,0
ACC-1126,Finance,Basic,11302,2026-11-01,273,0.44,2,68,0,3,0.89,0.77,25,1,0
ACC-1127,Technology,Pro,31695,2026-05-08,96,0.27,10,37,0,10,0.92,0.89,98,0,1
ACC-1128,Finance,Pro,26307,2026-02-11,10,0.36,7,15,0,7,0.99,0.83,79,0,1
ACC-1129,Retail,Enterprise,71566,2026-03-11,38,0.16,14,64,0,2,0.33,0.73,31,1,0
ACC-1130,Finance,Basic,9436,2026-11-09,281,0.16,14,58,0,6,0.14,0.21,13,0,0
ACC-1131,Finance,Basic,14246,2026-07-04,153,0.37,1,5,0,2,0.95,0.81,97,0,1
ACC-1132,Manufacturing,Basic,6444,2026-05-17,105,0.75,5,62,0,0,0.74,0.31,42,1,0
ACC-1133,Technology,Enterprise,91000,2026-06-01,120,0.0,4,67,0,3,0.44,0.28,50,0,0
ACC-1134,Manufacturing,Pro,35399,2026-04-10,68,0.41,11,67,0,6,0.55,0.42,97,1,0
ACC-1135,Finance,Basic,6275,2026-12-12,314,0.58,9,56,1,4,0.57,0.94,72,1,0
ACC-1136,Technology,Pro,25835,2026-05-15,103,0.17,7,66,0,8,0.28,0.71,67,0,0
ACC-1137,Finance,Basic,13120,2026-07-14,163,0.72,1,56,0,3,0.86,0.72,37,1,0
ACC-1138,Healthcare,Enterprise,231154,2026-08-31,211,0.36,6,5,1,10,0.29,0.22,19,1,0
ACC-1139,Manufacturing,Pro,24125,2026-10-17,258,0.57,4,32,0,0,0.88,0.98,50,1,0
ACC-1140,Healthcare,Enterprise,186559,2026-01-18,-14,0.57,9,37,0,2,0.88,0.42,99,1,0
ACC-1141,Manufacturing,Basic,9592,2026-01-13,-19,0.67,1,67,0,6,0.57,0.2,35,0,0
ACC-1142,Finance,Pro,20277,2026-12-27,329,0.42,14,43,1,6,0.52,0.21,69,1,0
ACC-1143,Manufacturing,Enterprise,126309,2026-06-25,144,0.1,3,24,0,2,0.59,0.75,26,0,0
ACC-1144,Retail,Basic,18654,2026-05-15,103,0.02,12,40,0,3,0.12,0.74,47,1,0
ACC-1145,Retail,Basic,16997,2026-03-05,32,0.5,10,36,0,9,0.56,0.4,73,1,0
ACC-1146,Manufacturing,Enterprise,183731,2026-10-23,264,0.01,9,8,0,5,0.6,0.18,65,1,0
ACC-1147,Finance,Basic,9529,2026-02-05,4,0.46,6,4,0,6,0.74,0.19,60,1,0
ACC-1148,Retail,Enterprise,106500,2026-03-28,55,0.03,8,22,0,4,0.4,0.41,35,1,0
ACC-1149,Technology,Enterprise,93755,2026-10-23,264,0.04,5,11,0,2,0.99,0.24,20,0,1
ACC-1150,Healthcare,Basic,16586,2026-12-29,331,0.51,13,21,0,1,0.12,0.6,71,1,0
ACC-1151,Healthcare,Pro,31566,2026-07-15,164,0.15,14,70,0,8,0.31,0.25,97,0,0
ACC-1152,Healthcare,Basic,7216,2026-05-03,91,0.36,9,21,1,8,0.86,0.89,99,1,0
ACC-1153,Finance,Enterprise,81457,2026-12-20,322,0.04,11,21,1,2,0.57,0.9,55,1,0
ACC-1154,Manufacturing,Pro,34652,2026-11-23,295,0.64,5,40,0,4,0.34,0.55,78,1,0
ACC-1155,Retail,Pro,27450,2027-01-28,361,0.7,8,72,0,1,0.2,0.73,84,1,0
ACC-1156,Technology,Enterprise,127527,2026-08-19,199,0.29,7,11,0,10,0.35,0.3,61,0,0
ACC-1157,Finance,Enterprise,98607,2026-08-02,182,0.57,0,65,0,10,0.85,0.51,33,0,1
ACC-1158,Finance,Basic,19878,2026-09-11,222,0.52,2,6,0,5,0.68,0.78,96,1,0
ACC-1159,Healthcare,Pro,31870,2026-03-07,34,0.21,10,71,0,8,0.34,0.3,75,0,0
ACC-1160,Retail,Pro,45478,2026-12-13,315,0.37,1,8,0,3,0.91,0.37,18,0,1
ACC-1161,Healthcare,Pro,32396,2026-03-22,49,0.26,6,63,0,6,0.56,0.38,77,0,0
ACC-1162,Finance,Pro,48839,2026-06-28,147,0.24,2,23,0,0,0.5,0.57,24,0,0
ACC-1163,Finance,Basic,13052,2026-06-10,129,0.74,9,56,0,0,0.7,0.14,96,1,0
ACC-1164,Healthcare,Basic,6887,2026-10-22,263,0.16,0,66,0,4,0.78,0.82,60,0,1
ACC-1165,Manufacturing,Enterprise,109853,2026-05-21,109,0.58,6,28,1,3,0.93,0.32,54,1,0
ACC-1166,Retail,Basic,7358,2027-01-08,341,0.52,9,29,0,3,0.92,0.76,69,1,0
ACC-1167,Technology,Pro,32970,2026-08-22,202,0.33,2,64,0,4,0.92,0.8,65,0,1
ACC-1168,Manufacturing,Pro,49118,2026-11-28,300,0.15,0,65,0,6,0.46,0.48,36,0,0
ACC-1169,Technology,Enterprise,240504,2026-01-25,-7,0.4,9,18,1,3,0.27,0.29,71,1,0
ACC-1170,Manufacturing,Pro,33327,2026-10-11,252,0.67,3,57,1,3,0.81,0.77,26,1,0
ACC-1171,Technology,Enterprise,50075,2026-12-17,319,0.74,2,38,0,8,0.54,0.83,54,0,1
ACC-1172,Retail,Enterprise,241982,2026-02-27,26,0.48,4,30,1,7,0.7,0.23,41,1,0
ACC-1173,Technology,Pro,20241,2026-10-07,248,0.76,15,11,0,1,0.6,0.75,12,1,0
ACC-1174,Finance,Enterprise,92102,2026-03-18,45,0.14,7,44,1,5,0.12,0.79,13,1,0
ACC-1175,Healthcare,Pro,25301,2026-07-20,169,0.6,9,3,1,3,0.85,0.2,82,1,0
ACC-1176,Healthcare,Basic,12827,2026-04-22,80,0.39,7,59,0,2,0.53,0.27,42,1,0
ACC-1177,Retail,Pro,31445,2026-03-10,37,0.78,11,36,1,4,0.17,0.16,78,1,0
ACC-1178,Technology,Enterprise,142264,2026-08-06,186,0.12,3,50,0,3,0.24,0.84,63,0,1
ACC-1179,Healthcare,Pro,45580,2026-08-29,209,0.63,2,50,0,3,0.86,0.38,16,1,0
ACC-1180,Technology,Pro,31602,2026-09-04,215,0.62,9,24,0,2,0.61,0.51,33,1,0
ACC-1181,Retail,Pro,39281,2026-10-24,265,0.67,14,57,0,9,0.54,0.54,71,1,0
ACC-1182,Finance,Basic,7112,2026-10-27,268,0.32,8,59,0,7,0.36,0.49,47,0,0
ACC-1183,Healthcare,Pro,30889,2026-11-12,284,0.03,14,65,0,8,0.25,0.56,36,0,0
ACC-1184,Healthcare,Basic,13284,2026-04-13,71,0.65,7,61,0,5,0.31,0.18,55,1,0
ACC-1185,Technology,Basic,15494,2027-01-21,354,0.07,3,53,0,0,0.61,0.34,30,0,0
ACC-1186,Retail,Basic,17228,2026-02-21,20,0.42,12,24,0,6,0.63,0.44,55,1,0
ACC-1187,Retail,Basic,12702,2026-12-23,325,0.5,8,55,0,1,0.85,0.14,93,1,0
ACC-1188,Healthcare,Pro,48756,2026-12-28,330,0.5,12,48,0,6,0.65,0.79,66,1,0
ACC-1189,Manufacturing,Enterprise,195612,2026-07-03,152,0.01,0,6,0,3,0.8,0.81,33,0,1
ACC-1190,Healthcare,Basic,5182,2027-01-11,344,0.31,6,49,0,2,0.62,0.69,63,1,0
ACC-1191,Technology,Basic,12641,2026-02-24,23,0.15,14,39,0,9,0.64,0.71,72,0,0
ACC-1192,Retail,Pro,30855,2026-02-05,4,0.5,12,62,1,9,0.92,0.44,99,1,0
ACC-1193,Retail,Basic,15251,2027-01-29,362,0.52,8,60,0,7,0.56,0.9,13,1,0
ACC-1194,Manufacturing,Pro,46976,2026-09-03,214,0.46,0,4,1,10,0.66,0.21,26,1,0
ACC-1195,Technology,Basic,16505,2026-04-03,61,0.7,3,54,0,2,0.97,0.76,96,1,0
ACC-1196,Healthcare,Pro,46316,2026-10-03,244,0.27,13,4,0,5,0.93,0.67,41,1,0
ACC-1197,Retail,Basic,15763,2026-06-06,125,0.27,0,4,0,9,0.55,0.9,71,0,1
ACC-1198,Finance,Basic,6726,2026-11-06,278,0.48,4,69,1,6,0.81,0.98,91,1,0
ACC-1199,Retail,Enterprise,84734,2026-10-01,242,0.01,0,8,0,2,0.34,0.22,86,0,0
ACC-1200,Finance,Basic,11164,2026-06-24,143,0.27,7,63,1,8,0.2,0.97,32,1,0
ACC-1201,Technology,Enterprise,224644,2026-08-22,202,0.77,1,14,0,5,0.34,0.87,83,1,0
ACC-1202,Technology,Basic,14794,2026-05-04,92,0.72,3,46,1,8,0.98,0.92,86,1,0
ACC-1203,Healthcare,Basic,12234,2027-01-29,362,0.64,3,3,0,6,0.34,0.49,70,0,0
ACC-1204,Retail,Pro,27346,2026-10-02,243,0.65,9,70,1,9,0.17,0.46,15,1,0
ACC-1205,Retail,Enterprise,94209,2026-09-27,238,0.32,9,19,0,8,0.86,0.69,68,0,1
ACC-1206,Technology,Basic,10127,2026-11-05,277,0.74,8,41,1,8,0.58,0.83,100,1,0
ACC-1207,Healthcare,Basic,15260,2026-12-23,325,0.13,4,48,0,3,0.18,0.32,17,0,0
ACC-1208,Manufacturing,Enterprise,184218,2026-08-04,184,0.28,4,15,0,1,1.0,0.23,91,0,1
ACC-1209,Manufacturing,Pro,49310,2026-01-18,-14,0.31,9,3,0,5,0.36,0.61,82,1,0
ACC-1210,Retail,Basic,10669,2026-12-26,328,0.22,11,32,0,1,0.43,0.61,89,1,0
ACC-1211,Manufacturing,Enterprise,207842,2026-12-16,318,0.67,1,2,0,7,0.65,0.28,57,0,0
ACC-1212,Technology,Pro,32121,2026-06-10,129,0.55,10,60,0,6,0.37,0.19,84,1,0
ACC-1213,Manufacturing,Basic,16739,2026-08-08,188,0.15,8,58,0,4,0.29,0.29,32,1,0
ACC-1214,Manufacturing,Pro,37046,2026-02-01,0,0.78,10,3,1,7,0.98,0.81,42,1,0
ACC-1215,Finance,Basic,19646,2026-07-26,175,0.12,12,9,0,1,0.51,0.85,40,1,0
ACC-1216,Manufacturing,Enterprise,221930,2027-01-24,357,0.76,2,17,0,9,0.79,0.55,42,0,0
ACC-1217,Technology,Basic,19444,2026-10-26,267,0.4,6,67,1,5,0.91,0.29,81,1,0
ACC-1218,Healthcare,Enterprise,113643,2026-04-10,68,0.65,12,61,0,8,0.61,0.67,54,1,0
ACC-1219,Retail,Pro,24336,2026-02-25,24,0.34,3,57,0,4,0.23,0.58,81,0,0
ACC-1220,Technology,Basic,7487,2026-06-19,138,0.55,15,51,0,6,0.56,0.87,49,1,0
ACC-1221,Retail,Pro,41152,2026-02-02,1,0.41,7,31,0,2,0.12,0.88,16,1,0
ACC-1222,Healthcare,Enterprise,101333,2026-03-14,41,0.58,6,18,0,0,0.87,0.31,73,1,0
ACC-1223,Finance,Pro,40077,2026-02-19,18,0.44,9,62,0,4,0.16,0.25,52,1,0
ACC-1224,Finance,Enterprise,56609,2026-09-06,217,0.32,11,43,0,6,0.61,0.68,74,0,0
ACC-1225,Retail,Pro,25748,2026-08-29,209,0.1,5,39,0,10,0.7,0.89,97,0,1
ACC-1226,Technology,Pro,33681,2026-10-02,243,0.15,5,36,0,1,0.27,0.85,63,0,1
ACC-1227,Retail,Basic,14690,2026-07-31,180,0.73,12,6,0,10,0.39,0.33,60,1,0
ACC-1228,Manufacturing,Enterprise,245264,2026-02-03,2,0.53,9,24,0,2,0.72,0.66,87,1,0
ACC-1229,Manufacturing,Pro,36551,2026-03-14,41,0.4,13,52,0,4,0.74,0.35,53,1,0
ACC-1230,Retail,Enterprise,58043,2026-07-26,175,0.59,12,44,0,0,0.37,0.98,100,1,0
ACC-1231,Technology,Pro,22891,2026-06-24,143,0.38,2,9,0,5,0.48,0.44,58,0,0
ACC-1232,Technology,Enterprise,56948,2026-08-08,188,0.17,1,46,0,0,0.27,0.38,99,0,0
ACC-1233,Retail,Enterprise,88924,2026-11-10,282,0.5,2,56,0,1,0.8,0.46,83,1,0
ACC-1234,Technology,Enterprise,184604,2027-01-29,362,0.59,1,54,0,4,0.68,1.0,19,1,0
ACC-1235,Manufacturing,Enterprise,101802,2026-10-27,268,0.13,14,5,0,10,0.73,0.21,71,0,0
ACC-1236,Technology,Basic,15336,2026-01-10,-22,0.19,4,52,0,5,0.57,0.52,29,0,0
ACC-1237,Manufacturing,Basic,13853,2026-05-02,90,0.09,1,49,1,2,0.69,0.87,35,1,0
ACC-1238,Healthcare,Enterprise,64162,2026-02-23,22,0.09,12,24,0,4,0.67,0.5,56,1,0
ACC-1239,Manufacturing,Pro,22601,2026-04-10,68,0.29,6,10,0,9,0.79,0.35,69,0,0
ACC-1240,Finance,Enterprise,214240,2026-05-04,92,0.29,11,18,0,6,0.18,0.58,98,0,0
ACC-1241,Retail,Enterprise,94568,2026-10-21,262,0.68,10,66,0,9,0.2,0.2,47,1,0
ACC-1242,Finance,Pro,24840,2026-02-18,17,0.7,11,41,0,2,0.54,0.13,23,1,0
ACC-1243,Technology,Enterprise,221430,2026-02-04,3,0.21,15,43,0,2,0.44,0.8,71,1,0
ACC-1244,Technology,Basic,11459,2026-08-03,183,0.63,3,70,0,1,0.11,0.39,72,1,0
ACC-1245,Healthcare,Pro,22647,2026-08-07,187,0.1,2,22,0,5,0.5,0.52,32,0,0
ACC-1246,Finance,Pro,20367,2027-01-06,339,0.62,3,41,1,5,0.68,0.57,17,1,0
ACC-1247,Technology,Pro,26038,2026-06-14,133,0.25,5,45,1,3,0.99,0.51,36,1,0
ACC-1248,Finance,Pro,29675,2026-05-30,118,0.33,2,27,0,0,0.85,0.89,43,0,1
ACC-1249,Manufacturing,Pro,40098,2026-08-25,205,0.2,10,45,0,6,0.28,0.88,75,0,1
ACC-1250,Finance,Basic,19770,2026-12-18,320,0.66,7,55,0,5,0.37,0.22,36,1,0
ACC-1251,Manufacturing,Enterprise,91536,2026-10-26,267,0.43,2,20,0,8,0.7,0.64,67,0,0
ACC-1252,Retail,Enterprise,168996,2026-07-08,157,0.73,12,39,0,3,0.68,0.96,34,1,0
ACC-1253,Technology,Pro,48175,2026-09-18,229,0.72,2,49,0,7,0.98,0.96,57,0,1
ACC-1254,Healthcare,Pro,41867,2026-05-20,108,0.05,3,9,0,4,0.51,0.18,13,0,0
ACC-1255,Technology,Basic,6184,2026-11-19,291,0.4,0,19,0,3,0.23,0.6,24,0,0
ACC-1256,Finance,Enterprise,202018,2026-05-23,111,0.41,6,30,0,8,0.49,0.56,59,1,0
ACC-1257,Manufacturing,Enterprise,171000,2026-08-20,200,0.14,6,58,0,9,0.29,0.51,85,0,0
ACC-1258,Retail,Basic,16884,2026-04-24,82,0.21,5,47,0,7,0.57,0.84,66,0,1
ACC-1259,Healthcare,Enterprise,154565,2026-04-11,69,0.01,3,51,0,1,0.93,0.63,59,0,1
ACC-1260,Manufacturing,Pro,36044,2026-07-02,151,0.04,1,32,0,10,0.48,0.39,60,0,0
ACC-1261,Finance,Enterprise,83662,2026-07-07,156,0.71,13,62,1,5,0.64,0.5,33,1,0
ACC-1262,Finance,Basic,11256,2026-03-24,51,0.49,8,64,0,10,0.42,0.62,23,1,0
ACC-1263,Technology,Enterprise,151367,2026-07-08,157,0.55,3,63,0,3,0.48,0.31,46,1,0
ACC-1264,Finance,Pro,22245,2026-10-07,248,0.1,15,61,0,4,0.43,0.82,24,1,0
ACC-1265,Retail,Pro,34065,2026-05-19,107,0.08,6,5,0,2,0.6,0.67,97,1,0
ACC-1266,Healthcare,Pro,39182,2026-04-19,77,0.28,8,58,0,2,0.92,0.55,87,1,0
ACC-1267,Healthcare,Pro,39306,2026-02-20,19,0.78,8,6,1,8,0.77,0.76,77,1,0
ACC-1268,Manufacturing,Pro,35049,2026-04-11,69,0.75,3,59,0,5,0.7,0.9,41,1,0
ACC-1269,Technology,Basic,15224,2026-07-16,165,0.46,1,66,1,4,0.8,0.14,59,1,0
ACC-1270,Technology,Basic,19498,2026-06-18,137,0.58,7,24,0,6,0.1,0.28,64,1,0
ACC-1271,Technology,Enterprise,138637,2026-09-05,216,0.08,5,36,0,6,0.66,0.81,34,0,1
ACC-1272,Retail,Basic,9333,2026-12-23,325,0.55,1,14,0,10,0.24,0.26,85,0,0
ACC-1273,Manufacturing,Enterprise,80327,2026-11-18,290,0.33,14,70,1,2,0.17,0.66,41,1,0
ACC-1274,Finance,Basic,14424,2026-08-02,182,0.25,15,69,0,3,0.94,0.13,66,1,0
ACC-1275,Healthcare,Enterprise,133974,2026-12-30,332,0.5,10,5,0,7,0.14,0.46,22,1,0
ACC-1276,Finance,Basic,11020,2026-08-16,196,0.1,9,4,0,3,0.67,0.51,87,1,0
ACC-1277,Finance,Pro,41161,2027-01-30,363,0.53,9,20,1,0,0.15,0.55,84,1,0
ACC-1278,Manufacturing,Enterprise,170234,2026-03-25,52,0.4,12,69,1,3,0.58,0.14,98,1,0
ACC-1279,Manufacturing,Pro,36373,2026-08-21,201,0.61,9,70,0,10,0.98,0.59,20,1,0
ACC-1280,Technology,Basic,7965,2027-01-16,349,0.23,13,23,0,8,0.84,0.24,44,0,1
ACC-1281,Manufacturing,Basic,12335,2026-12-17,319,0.03,11,70,0,8,0.81,0.76,55,0,1
ACC-1282,Manufacturing,Enterprise,195507,2026-08-28,208,0.79,4,38,0,0,0.54,0.33,77,1,0
ACC-1283,Finance,Basic,17615,2026-11-08,280,0.26,2,53,0,3,0.71,0.76,49,0,1
ACC-1284,Finance,Basic,13610,2026-12-03,305,0.48,4,63,0,0,0.26,0.72,18,1,0
ACC-1285,Finance,Enterprise,200109,2026-05-09,97,0.43,13,19,0,9,0.94,0.28,23,1,0
ACC-1286,Healthcare,Basic,17798,2027-01-21,354,0.33,8,42,0,4,0.51,0.86,43,1,0
ACC-1287,Finance,Basic,10350,2026-10-20,261,0.43,9,34,0,10,0.46,0.46,85,1,0
ACC-1288,Manufacturing,Basic,8485,2027-01-21,354,0.53,9,44,0,4,0.81,0.36,64,1,0
ACC-1289,Retail,Pro,43377,2026-12-11,313,0.54,9,9,0,6,0.92,0.29,49,1,0
ACC-1290,Manufacturing,Pro,36625,2026-11-10,282,0.44,1,11,0,7,0.46,0.22,91,0,0
ACC-1291,Finance,Basic,18978,2026-08-06,186,0.8,1,5,0,5,0.92,0.64,49,1,0
ACC-1292,Manufacturing,Pro,48511,2026-03-31,58,0.61,3,25,0,6,0.22,0.61,100,0,0
ACC-1293,Technology,Basic,17822,2026-11-19,291,0.24,6,53,0,10,0.15,0.42,32,0,0
ACC-1294,Retail,Enterprise,68588,2026-01-05,-27,0.2,12,40,0,2,0.4,0.65,56,1,0
ACC-1295,Finance,Pro,25200,2026-03-25,52,0.77,13,62,1,3,0.52,0.8,47,1,0
ACC-1296,Healthcare,Enterprise,99828,2026-07-13,162,0.75,4,64,1,2,0.85,0.46,75,1,0
ACC-1297,Healthcare,Pro,36001,2026-02-19,18,0.22,14,11,0,6,0.17,0.39,81,0,0
ACC-1298,Manufacturing,Basic,16440,2027-01-18,351,0.12,15,7,0,0,0.8,0.35,36,1,0
ACC-1299,Finance,Pro,30155,2026-11-02,274,0.8,8,27,0,1,0.97,0.82,13,1,0
ACC-1300,Healthcare,Pro,42593,2027-01-31,364,0.39,13,66,0,1,0.56,0.73,32,1,0
ACC-1301,Healthcare,Basic,17363,2026-03-25,52,0.12,12,59,0,0,0.52,0.87,49,1,0
ACC-1302,Technology,Enterprise,99970,2026-08-11,191,0.53,1,28,0,2,0.23,0.95,44,1,0
ACC-1303,Manufacturing,Enterprise,56446,2026-07-26,175,0.43,14,33,0,8,0.28,0.46,65,1,0
ACC-1304,Retail,Pro,41752,2026-12-09,311,0.59,7,11,0,2,0.95,0.22,92,1,0
ACC-1305,Finance,Basic,15922,2026-12-15,317,0.64,9,16,0,3,0.2,0.94,31,1,0
ACC-1306,Technology,Pro,49394,2026-06-10,129,0.13,9,42,0,5,0.78,0.81,82,1,0
ACC-1307,Retail,Pro,28990,2026-07-12,161,0.31,8,20,0,6,0.42,0.56,61,0,0
ACC-1308,Manufacturing,Enterprise,235815,2026-01-17,-15,0.16,15,34,0,4,0.25,0.9,86,1,0
ACC-1309,Retail,Enterprise,178431,2026-04-23,81,0.32,6,53,0,1,0.14,0.69,11,1,0
ACC-1310,Retail,Basic,17501,2027-01-28,361,0.67,8,50,0,2,0.75,0.77,24,1,0
ACC-1311,Retail,Pro,43482,2026-10-12,253,0.5,8,2,1,4,0.99,0.75,68,1,0
ACC-1312,Technology,Basic,5799,2026-09-15,226,0.35,8,39,0,7,0.29,0.66,35,0,0
ACC-1313,Healthcare,Enterprise,127114,2026-04-28,86,0.36,14,57,0,10,0.3,0.54,94,0,0
ACC-1314,Manufacturing,Basic,10072,2026-07-11,160,0.61,14,66,0,7,0.4,0.19,58,1,0
ACC-1315,Finance,Enterprise,131988,2026-12-19,321,0.79,11,7,0,3,0.3,0.17,24,1,0
ACC-1316,Retail,Pro,46340,2026-06-01,120,0.06,12,17,0,6,0.72,0.23,39,0,0
ACC-1317,Finance,Enterprise,51261,2026-02-27,26,0.79,4,3,0,0,0.29,0.5,90,1,0
ACC-1318,Technology,Pro,49733,2026-06-02,121,0.55,2,46,0,9,0.81,0.39,99,0,1
ACC-1319,Healthcare,Basic,9758,2026-04-27,85,0.47,8,64,0,3,0.18,0.51,88,1,0
ACC-1320,Technology,Pro,25843,2026-01-19,-13,0.72,6,8,0,8,0.96,0.32,64,1,0
ACC-1321,Healthcare,Enterprise,53574,2026-09-29,240,0.45,3,8,0,1,0.51,0.54,80,1,0
ACC-1322,Finance,Basic,19991,2026-05-23,111,0.14,11,66,0,10,0.81,0.19,41,0,1
ACC-1323,Retail,Enterprise,66227,2026-11-22,294,0.24,0,45,0,1,0.34,0.47,42,0,0
ACC-1324,Finance,Pro,31194,2026-02-05,4,0.69,10,15,0,4,0.82,0.79,49,1,0
ACC-1325,Manufacturing,Enterprise,169878,2027-01-13,346,0.01,2,72,0,5,0.75,0.9,81,0,1
ACC-1326,Retail,Pro,28298,2026-08-11,191,0.69,8,38,0,8,0.38,0.3,80,1,0
ACC-1327,Retail,Pro,41857,2027-01-26,359,0.54,10,72,0,7,0.94,0.51,14,1,0
ACC-1328,Manufacturing,Basic,13056,2026-08-24,204,0.78,14,16,0,7,0.36,0.68,77,1,0
ACC-1329,Finance,Enterprise,50804,2027-01-14,347,0.64,9,53,0,10,0.65,0.54,73,1,0
ACC-1330,Manufacturing,Enterprise,56928,2026-10-16,257,0.57,15,72,0,9,0.46,0.98,100,1,0
ACC-1331,Retail,Basic,6746,2026-01-21,-11,0.45,2,33,0,8,0.26,0.82,67,0,1
ACC-1332,Retail,Basic,6987,2026-04-19,77,0.79,7,26,0,3,0.41,0.54,83,1,0
ACC-1333,Healthcare,Pro,28303,2026-10-04,245,0.14,8,47,0,2,0.34,0.49,86,1,0
ACC-1334,Finance,Enterprise,86912,2026-07-16,165,0.52,10,48,1,5,0.51,0.16,56,1,0
ACC-1335,Manufacturing,Pro,41520,2026-06-20,139,0.12,2,15,0,4,0.28,0.77,30,0,1
ACC-1336,Healthcare,Pro,35237,2026-06-06,125,0.12,4,14,0,5,0.18,0.29,14,0,0
ACC-1337,Finance,Enterprise,51341,2026-03-24,51,0.16,12,34,0,9,0.15,0.15,74,0,0
ACC-1338,Healthcare,Basic,8073,2027-01-22,355,0.53,5,5,0,5,0.57,0.11,95,1,0
ACC-1339,Finance,Enterprise,224028,2026-10-04,245,0.17,12,9,0,7,0.11,0.48,100,0,0
ACC-1340,Retail,Pro,37025,2026-02-10,9,0.13,9,24,0,5,0.27,0.67,79,1,0
ACC-1341,Technology,Enterprise,136198,2026-10-22,263,0.17,6,57,0,9,0.43,0.37,24,0,0
ACC-1342,Retail,Pro,31358,2026-01-07,-25,0.29,11,44,1,3,0.92,0.35,16,1,0
ACC-1343,Technology,Enterprise,132164,2026-01-26,-6,0.17,13,25,1,7,0.73,0.26,32,1,0
ACC-1344,Retail,Enterprise,58390,2026-07-24,173,0.47,15,17,0,2,0.81,0.24,83,1,0
ACC-1345,Healthcare,Pro,38022,2026-07-20,169,0.71,9,67,0,10,0.17,0.3,25,1,0
ACC-1346,Manufacturing,Basic,13907,2026-07-09,158,0.79,1,69,0,6,0.48,0.33,64,0,0
ACC-1347,Retail,Pro,32226,2026-12-16,318,0.42,15,34,1,9,0.74,0.83,99,1,0
ACC-1348,Healthcare,Enterprise,114691,2026-07-01,150,0.44,6,43,0,0,0.99,0.56,76,1,0
ACC-1349,Retail,Basic,7804,2026-11-25,297,0.48,13,23,0,1,0.35,0.14,84,1,0
ACC-1350,Technology,Pro,21163,2026-03-19,46,0.07,7,54,0,4,0.46,0.96,23,1,0
ACC-1351,Finance,Enterprise,118165,2026-10-02,243,0.6,13,42,0,1,0.69,0.75,48,1,0
ACC-1352,Manufacturing,Pro,21416,2026-02-23,22,0.05,12,60,0,5,0.83,0.25,58,1,0
ACC-1353,Technology,Basic,8492,2026-12-15,317,0.32,14,52,0,0,0.49,0.33,64,1,0
ACC-1354,Retail,Basic,17113,2026-10-14,255,0.01,11,17,0,1,0.83,0.26,32,1,0
ACC-1355,Manufacturing,Basic,17675,2026-10-24,265,0.0,0,16,0,1,0.13,0.36,54,0,0
ACC-1356,Retail,Basic,9560,2026-07-04,153,0.3,7,55,0,5,0.44,0.23,61,1,0
ACC-1357,Finance,Pro,26907,2026-05-05,93,0.27,4,48,0,0,0.11,0.45,50,0,0
ACC-1358,Retail,Pro,27332,2026-10-16,257,0.26,15,43,0,6,0.37,0.16,61,0,0
ACC-1359,Finance,Enterprise,142955,2026-07-14,163,0.15,13,61,0,0,0.93,0.11,23,1,0
ACC-1360,Retail,Basic,13864,2026-01-25,-7,0.75,11,16,0,10,0.22,0.28,76,1,0
ACC-1361,Technology,Basic,16374,2026-05-30,118,0.17,5,52,1,1,0.16,0.95,54,1,0
ACC-1362,Technology,Enterprise,177217,2026-12-20,322,0.57,8,56,0,9,0.47,0.25,85,1,0
ACC-1363,Manufacturing,Pro,42550,2027-01-02,335,0.21,0,61,0,3,0.92,0.48,13,0,1
ACC-1364,Healthcare,Enterprise,208232,2026-07-29,178,0.47,6,68,0,2,0.41,0.47,36,1,0
ACC-1365,Technology,Pro,37290,2026-11-25,297,0.57,4,59,0,10,0.92,0.69,52,0,1
ACC-1366,Healthcare,Basic,10429,2026-01-29,-3,0.53,4,65,0,1,0.36,0.7,52,1,0
ACC-1367,Manufacturing,Basic,6474,2026-04-17,75,0.78,1,46,0,5,0.6,0.69,86,1,0
ACC-1368,Technology,Pro,43599,2026-11-08,280,0.43,15,63,0,5,0.56,0.69,66,1,0
ACC-1369,Technology,Enterprise,165008,2026-07-31,180,0.8,9,25,1,1,0.98,0.54,12,1,0
ACC-1370,Technology,Basic,9798,2026-08-29,209,0.16,9,31,0,2,0.18,0.53,92,1,0
ACC-1371,Retail,Basic,7442,2026-05-27,115,0.68,15,65,0,5,0.25,0.37,61,1,0
ACC-1372,Manufacturing,Enterprise,164298,2026-08-19,199,0.79,9,60,0,6,0.29,0.7,95,1,0
ACC-1373,Healthcare,Pro,24587,2026-07-20,169,0.2,12,32,0,9,0.35,0.94,60,0,1
ACC-1374,Healthcare,Pro,44269,2026-10-08,249,0.63,12,57,0,8,0.37,0.35,46,1,0
ACC-1375,Manufacturing,Enterprise,212579,2026-03-14,41,0.09,11,34,0,9,0.92,0.2,46,0,1
ACC-1376,Healthcare,Pro,25350,2026-05-03,91,0.54,7,38,0,4,0.27,0.76,98,1,0
ACC-1377,Finance,Pro,38220,2026-08-27,207,0.09,4,7,0,7,0.56,0.74,43,0,0
ACC-1378,Healthcare,Pro,37083,2026-10-10,251,0.2,10,69,0,5,0.38,0.85,95,1,0
ACC-1379,Technology,Basic,10749,2026-05-30,118,0.62,13,28,0,10,0.24,0.8,79,1,0
ACC-1380,Technology,Basic,13639,2026-01-25,-7,0.79,1,69,0,9,0.66,0.66,99,0,0
ACC-1381,Technology,Basic,10702,2026-04-13,71,0.44,14,62,0,1,0.74,0.42,13,1,0
ACC-1382,Finance,Basic,16166,2026-01-08,-24,0.61,11,7,0,6,0.22,0.44,15,1,0
ACC-1383,Healthcare,Pro,30185,2026-02-16,15,0.75,7,49,0,6,0.36,0.14,70,1,0
ACC-1384,Retail,Pro,26515,2026-02-22,21,0.01,7,2,0,6,0.32,0.35,66,0,0
ACC-1385,Retail,Basic,11492,2026-08-09,189,0.02,2,45,1,3,0.58,0.57,21,1,0
ACC-1386,Finance,Pro,27916,2026-01-30,-2,0.53,12,13,0,4,0.57,0.56,23,1,0
ACC-1387,Healthcare,Enterprise,151943,2026-07-16,165,0.36,3,34,0,3,0.93,0.74,34,0,1
ACC-1388,Healthcare,Enterprise,120993,2026-01-19,-13,0.16,7,6,0,0,0.32,0.24,83,1,0
ACC-1389,Finance,Basic,7509,2026-04-12,70,0.33,5,61,0,0,0.88,0.36,18,0,1
ACC-1390,Retail,Basic,5335,2026-04-14,72,0.01,2,29,0,5,0.17,0.7,22,0,0
ACC-1391,Retail,Basic,7919,2026-03-30,57,0.22,9,20,0,7,0.11,0.19,98,0,0
ACC-1392,Manufacturing,Enterprise,234805,2026-06-05,124,0.65,15,13,1,3,0.51,0.29,29,1,0
ACC-1393,Manufacturing,Enterprise,180697,2026-01-27,-5,0.32,6,68,0,8,0.7,0.99,36,0,1
ACC-1394,Healthcare,Basic,12254,2026-09-01,212,0.38,3,8,0,5,0.25,0.61,44,0,0
ACC-1395,Finance,Pro,23007,2026-04-02,60,0.21,14,11,0,6,0.89,0.36,58,0,1
ACC-1396,Retail,Pro,24160,2026-07-26,175,0.26,8,34,1,7,0.38,0.76,67,1,0
ACC-1397,Manufacturing,Basic,11918,2026-12-04,306,0.61,5,35,0,9,0.41,0.35,19,0,0
ACC-1398,Manufacturing,Enterprise,248944,2027-01-13,346,0.46,14,11,0,1,0.13,0.71,32,1,0
ACC-1399,Technology,Basic,17987,2026-09-05,216,0.57,10,64,0,6,0.56,0.53,43,1,0
ACC-1400,Finance,Enterprise,218823,2026-08-06,186,0.49,10,56,0,8,0.37,0.83,56,1,0
ACC-1401,Healthcare,Pro,43584,2026-09-15,226,0.71,10,51,0,2,0.69,0.6,79,1,0
ACC-1402,Healthcare,Enterprise,193661,2026-07-17,166,0.13,8,66,0,2,0.78,0.98,91,1,0
ACC-1403,Manufacturing,Basic,11537,2026-08-04,184,0.51,3,53,0,5,0.53,0.42,61,1,0
ACC-1404,Retail,Enterprise,146307,2026-01-18,-14,0.76,7,40,1,6,0.59,0.22,81,1,0
ACC-1405,Finance,Basic,7245,2026-03-09,36,0.66,10,23,0,6,0.38,0.31,100,1,0
ACC-1406,Technology,Enterprise,152749,2026-02-10,9,0.13,1,38,0,4,0.68,0.62,59,0,0
ACC-1407,Retail,Pro,41262,2026-09-24,235,0.42,10,6,0,5,0.55,0.33,63,1,0
ACC-1408,Healthcare,Enterprise,180347,2026-01-13,-19,0.06,8,3,0,2,0.81,0.55,40,1,0
ACC-1409,Retail,Pro,47901,2026-10-12,253,0.79,1,28,0,6,0.35,0.69,56,0,0
ACC-1410,Healthcare,Basic,15638,2026-09-28,239,0.53,0,19,0,8,0.72,0.99,79,0,1
ACC-1411,Healthcare,Enterprise,77946,2026-08-30,210,0.63,10,9,0,10,0.47,0.7,67,1,0
ACC-1412,Finance,Enterprise,92861,2026-10-30,271,0.77,10,47,1,3,0.9,0.92,15,1,0
ACC-1413,Retail,Basic,14682,2027-01-17,350,0.28,5,70,0,7,0.54,0.61,87,0,0
ACC-1414,Retail,Basic,5253,2026-09-07,218,0.35,15,64,0,4,0.91,0.34,77,1,0
ACC-1415,Healthcare,Pro,23494,2026-09-12,223,0.2,5,28,0,3,0.51,0.9,22,0,1
ACC-1416,Retail,Basic,11127,2026-08-21,201,0.28,13,63,0,4,0.27,0.14,53,1,0
ACC-1417,Technology,Enterprise,67793,2026-07-11,160,0.3,1,54,1,10,0.19,0.17,25,1,0
ACC-1418,Healthcare,Basic,18970,2026-03-09,36,0.79,13,10,0,2,0.32,0.12,42,1,0
ACC-1419,Finance,Enterprise,226746,2026-07-28,177,0.22,15,69,0,8,0.17,0.85,74,0,1
ACC-1420,Finance,Pro,45648,2026-09-23,234,0.43,11,22,0,1,0.56,0.22,19,1,0
ACC-1421,Retail,Pro,40976,2026-06-17,136,0.18,4,28,0,8,0.82,0.44,27,0,1
ACC-1422,Retail,Enterprise,215044,2026-09-13,224,0.6,3,20,0,7,0.35,0.62,78,0,0
ACC-1423,Retail,Basic,11910,2026-10-18,259,0.45,11,44,0,8,0.42,0.3,83,1,0
ACC-1424,Finance,Enterprise,172575,2026-07-19,168,0.03,0,25,0,10,0.47,0.9,70,0,1
ACC-1425,Healthcare,Basic,15713,2026-08-28,208,0.25,5,18,0,10,0.42,0.35,41,0,0
ACC-1426,Technology,Enterprise,190317,2027-01-25,358,0.38,9,71,0,8,0.63,0.78,67,0,1
ACC-1427,Finance,Pro,26551,2027-01-19,352,0.59,0,3,0,9,0.34,0.73,43,0,0
ACC-1428,Technology,Enterprise,71609,2026-07-05,154,0.18,7,53,1,5,0.82,0.98,91,1,0
ACC-1429,Retail,Pro,21930,2026-09-10,221,0.34,12,70,1,4,0.5,0.86,52,1,0
ACC-1430,Technology,Basic,15216,2026-07-30,179,0.4,0,5,0,8,0.39,0.83,52,0,1
ACC-1431,Finance,Enterprise,80649,2027-01-07,340,0.24,1,70,0,10,0.1,0.23,20,0,0
ACC-1432,Healthcare,Enterprise,159474,2026-02-22,21,0.35,9,66,0,3,0.36,0.86,25,1,0
ACC-1433,Technology,Pro,28646,2026-05-31,119,0.03,2,54,0,10,0.22,0.82,79,0,1
ACC-1434,Retail,Enterprise,172913,2026-05-14,102,0.63,13,61,0,8,0.97,0.85,76,1,0
ACC-1435,Finance,Pro,28392,2026-07-30,179,0.67,12,18,0,5,0.33,0.64,59,1,0
ACC-1436,Technology,Basic,10715,2026-12-06,308,0.13,11,30,1,4,0.51,0.3,78,1,0
ACC-1437,Retail,Enterprise,129646,2026-09-04,215,0.45,13,32,0,9,0.91,0.49,84,1,0
ACC-1438,Finance,Basic,13002,2026-04-08,66,0.6,1,49,0,3,0.38,0.97,58,1,0
ACC-1439,Finance,Enterprise,71314,2026-10-09,250,0.55,10,30,0,9,0.81,0.96,85,1,0
ACC-1440,Finance,Basic,10577,2026-08-14,194,0.57,9,4,0,7,0.4,0.31,89,1,0
ACC-1441,Healthcare,Enterprise,82835,2026-08-04,184,0.69,15,44,0,4,0.11,0.82,33,1,0
ACC-1442,Healthcare,Basic,16632,2026-09-22,233,0.76,8,14,0,7,0.83,0.99,99,1,0
ACC-1443,Finance,Pro,38540,2026-08-13,193,0.41,14,42,0,6,0.44,0.26,49,1,0
ACC-1444,Manufacturing,Basic,19859,2026-08-12,192,0.39,2,47,0,2,0.17,0.52,47,0,0
ACC-1445,Manufacturing,Basic,5053,2026-10-06,247,0.52,3,37,0,0,0.12,0.77,29,1,0
ACC-1446,Retail,Pro,33986,2026-11-25,297,0.03,6,66,0,8,0.92,0.85,51,0,1
ACC-1447,Technology,Pro,30384,2026-04-04,62,0.65,4,47,0,2,0.71,0.77,13,1,0
ACC-1448,Technology,Enterprise,86677,2026-03-19,46,0.24,14,42,0,7,0.56,0.43,100,0,0
ACC-1449,Finance,Enterprise,245615,2026-02-18,17,0.8,0,12,0,3,0.25,0.38,41,1,0
ACC-1450,Manufacturing,Basic,8638,2026-01-12,-20,0.43,13,3,0,3,0.39,0.14,73,1,0
ACC-1451,Technology,Pro,36192,2026-05-13,101,0.17,13,53,0,0,0.75,0.12,64,1,0
ACC-1452,Manufacturing,Enterprise,89427,2026-09-19,230,0.61,5,57,0,10,0.4,0.61,31,0,0
ACC-1453,Finance,Enterprise,169686,2026-10-03,244,0.76,3,47,1,6,0.24,0.66,25,1,0
ACC-1454,Retail,Pro,27215,2026-04-23,81,0.19,5,69,0,3,0.19,0.94,46,0,1
ACC-1455,Healthcare,Enterprise,139921,2026-07-06,155,0.2,0,42,0,7,0.65,0.55,90,0,0
ACC-1456,Healthcare,Enterprise,175822,2026-07-05,154,0.67,0,6,0,7,0.63,0.99,86,0,1
ACC-1457,Retail,Pro,39898,2026-06-20,139,0.44,1,25,0,3,0.48,0.96,19,1,0
ACC-1458,Healthcare,Pro,33917,2026-04-26,84,0.73,4,52,0,10,0.33,0.12,79,0,0
ACC-1459,Retail,Pro,23776,2026-03-29,56,0.59,14,26,0,10,0.73,0.9,52,1,0
ACC-1460,Finance,Pro,25740,2026-10-30,271,0.25,1,68,0,2,0.47,0.3,18,0,0
ACC-1461,Finance,Basic,18504,2026-12-19,321,0.49,15,23,0,9,0.25,0.36,30,1,0
ACC-1462,Finance,Pro,42415,2026-07-22,171,0.57,8,63,0,2,0.92,0.78,84,1,0
ACC-1463,Finance,Basic,12352,2026-03-10,37,0.71,12,68,0,3,0.86,0.31,57,1,0
ACC-1464,Finance,Pro,27021,2027-01-03,336,0.65,7,55,0,9,0.77,0.56,61,1,0
ACC-1465,Technology,Enterprise,158683,2026-06-05,124,0.58,9,48,1,1,0.48,0.24,54,1,0
ACC-1466,Healthcare,Basic,12616,2026-08-05,185,0.01,9,58,0,6,0.27,0.95,78,0,1
ACC-1467,Finance,Pro,37792,2026-09-26,237,0.41,9,60,0,7,0.73,0.12,90,1,0
ACC-1468,Healthcare,Enterprise,74433,2026-02-10,9,0.21,6,32,0,8,0.32,0.25,32,0,0
ACC-1469,Manufacturing,Pro,21396,2026-06-18,137,0.43,0,36,0,2,0.61,0.37,54,1,0
ACC-1470,Technology,Pro,36073,2026-06-10,129,0.13,6,17,0,7,0.61,0.11,49,0,0
ACC-1471,Finance,Basic,17785,2026-12-14,316,0.17,15,6,0,7,0.49,0.91,11,0,1
ACC-1472,Finance,Basic,18739,2026-10-15,256,0.5,12,12,0,6,0.85,0.6,60,1,0
ACC-1473,Healthcare,Pro,20171,2026-03-30,57,0.11,0,49,0,6,0.6,0.1,96,0,0
ACC-1474,Manufacturing,Enterprise,61127,2026-01-31,-1,0.63,5,2,0,7,0.32,0.43,10,0,0
ACC-1475,Finance,Enterprise,148093,2026-03-08,35,0.22,6,22,0,8,0.15,0.63,13,0,0
ACC-1476,Finance,Pro,38466,2026-08-15,195,0.03,1,42,0,0,0.3,0.54,67,0,0
ACC-1477,Technology,Basic,9043,2026-02-04,3,0.01,6,16,0,9,0.93,0.92,69,0,1
ACC-1478,Retail,Basic,7862,2026-10-30,271,0.34,15,68,0,3,0.71,0.88,68,1,0
ACC-1479,Manufacturing,Pro,37882,2026-06-02,121,0.12,11,17,0,10,0.76,0.17,40,0,0
ACC-1480,Retail,Enterprise,87604,2026-01-09,-23,0.32,12,71,0,2,0.9,0.96,39,1,0
ACC-1481,Retail,Pro,36611,2026-06-17,136,0.05,7,28,0,2,0.5,0.45,93,1,0
ACC-1482,Finance,Pro,41882,2026-12-28,330,0.42,3,33,1,5,0.31,0.95,17,1,0
ACC-1483,Finance,Pro,36534,2027-01-23,356,0.65,3,52,0,9,0.73,0.66,20,0,0
ACC-1484,Retail,Pro,41787,2026-12-06,308,0.65,0,43,0,5,0.62,0.91,46,1,0
ACC-1485,Manufacturing,Pro,22642,2026-03-13,40,0.8,10,53,1,1,0.19,0.95,58,1,0
ACC-1486,Technology,Basic,10150,2026-01-09,-23,0.14,14,31,0,9,0.98,0.51,67,0,1
ACC-1487,Manufacturing,Basic,8450,2026-01-02,-30,0.25,15,16,0,3,0.76,0.16,34,1,0
ACC-1488,Manufacturing,Pro,46986,2026-10-21,262,0.08,7,2,0,9,0.6,0.36,87,0,0
ACC-1489,Manufacturing,Basic,19119,2026-12-16,318,0.66,10,12,0,10,0.88,0.82,33,1,0
ACC-1490,Manufacturing,Pro,27915,2026-12-08,310,0.7,0,44,0,6,0.53,0.24,16,0,0
ACC-1491,Manufacturing,Enterprise,72731,2026-01-24,-8,0.76,1,31,0,3,0.42,0.36,36,1,0
ACC-1492,Retail,Enterprise,72692,2026-02-04,3,0.75,15,35,0,2,0.62,0.21,77,1,0
ACC-1493,Healthcare,Enterprise,72656,2026-03-13,40,0.51,3,54,0,10,0.46,0.92,81,0,1
ACC-1494,Technology,Basic,5576,2026-08-11,191,0.73,0,50,0,7,0.26,0.95,84,0,1
ACC-1495,Finance,Basic,16273,2026-06-01,120,0.16,3,50,1,4,0.44,0.74,50,1,0
ACC-1496,Technology,Basic,15724,2026-12-10,312,0.44,3,20,0,2,0.8,0.76,53,1,0
ACC-1497,Healthcare,Enterprise,234342,2026-06-19,138,0.18,8,2,0,2,0.93,0.21,94,1,0
ACC-1498,Retail,Basic,14900,2026-03-23,50,0.06,4,70,0,8,0.52,0.87,92,0,1
ACC-1499,Finance,Basic,15502,2026-09-28,239,0.71,6,3,0,5,0.13,0.25,36,1,0
ACC-1500,Healthcare,Basic,18898,2026-06-03,122,0.27,7,33,0,0,0.3,0.82,57,1,0
ACC-1501,Healthcare,Basic,6511,2026-12-01,303,0.79,11,34,1,7,0.61,0.28,63,1,0
ACC-1502,Finance,Enterprise,190147,2026-08-04,184,0.14,14,50,0,7,0.12,0.47,86,0,0
ACC-1503,Technology,Pro,35577,2026-04-11,69,0.72,14,70,0,4,0.79,0.93,51,1,0
ACC-1504,Manufacturing,Enterprise,112698,2026-02-19,18,0.01,12,5,0,8,0.67,0.6,75,0,0
ACC-1505,Healthcare,Basic,11690,2026-10-30,271,0.3,4,7,0,8,0.65,0.92,59,0,1
ACC-1506,Finance,Enterprise,104224,2026-07-30,179,0.18,0,33,0,1,0.35,0.47,90,0,0
ACC-1507,Technology,Basic,10345,2026-02-14,13,0.53,8,68,0,3,0.72,0.36,73,1,0
ACC-1508,Retail,Enterprise,241066,2026-08-12,192,0.64,5,55,0,1,0.5,0.26,29,1,0
ACC-1509,Technology,Pro,40516,2026-05-09,97,0.07,11,23,0,10,0.68,0.75,88,0,0
ACC-1510,Manufacturing,Enterprise,214870,2026-05-14,102,0.04,10,4,0,5,0.97,0.53,82,1,0
ACC-1511,Healthcare,Enterprise,234995,2026-09-09,220,0.2,8,55,1,9,0.59,0.58,64,1,0
ACC-1512,Healthcare,Enterprise,146555,2026-12-17,319,0.76,0,71,0,8,0.6,0.87,71,0,1
ACC-1513,Healthcare,Pro,32334,2027-01-14,347,0.64,7,71,0,1,0.55,0.68,43,1,0
ACC-1514,Manufacturing,Enterprise,111576,2026-05-06,94,0.76,8,36,0,7,0.41,0.53,30,1,0
ACC-1515,Finance,Enterprise,184529,2026-04-02,60,0.53,7,30,0,8,0.78,0.49,87,1,0
ACC-1516,Technology,Pro,39754,2026-01-10,-22,0.16,13,48,0,10,0.47,0.62,12,0,0
ACC-1517,Finance,Enterprise,198992,2026-04-15,73,0.33,4,60,0,6,0.57,0.49,43,0,0
ACC-1518,Healthcare,Pro,37807,2026-05-01,89,0.16,2,18,0,5,0.29,0.22,40,0,0
ACC-1519,Finance,Basic,6409,2026-07-17,166,0.07,7,27,0,8,0.71,0.31,75,0,0
ACC-1520,Finance,Enterprise,150844,2026-01-25,-7,0.39,2,22,0,6,0.4,0.9,83,0,1
ACC-1521,Retail,Pro,35818,2026-05-14,102,0.18,14,9,0,8,0.45,0.77,88,0,1
ACC-1522,Healthcare,Pro,47869,2026-05-26,114,0.21,4,35,0,0,0.77,0.85,18,0,1
ACC-1523,Finance,Enterprise,151860,2026-06-19,138,0.57,15,8,0,6,0.55,0.71,90,1,0
ACC-1524,Finance,Enterprise,161766,2026-06-12,131,0.05,6,22,0,2,0.44,0.34,32,1,0
ACC-1525,Technology,Pro,36851,2026-04-25,83,0.23,0,41,0,7,0.54,0.31,75,0,0
ACC-1526,Finance,Basic,10907,2026-12-24,326,0.34,6,71,1,10,0.71,0.71,94,1,0
ACC-1527,Finance,Basic,14402,2026-09-23,234,0.49,9,61,1,6,0.38,0.65,79,1,0
ACC-1528,Retail,Basic,18842,2026-01-06,-26,0.1,0,4,0,10,0.14,0.8,26,0,1
ACC-1529,Healthcare,Enterprise,63807,2027-01-14,347,0.58,0,60,0,7,0.76,0.21,68,0,0
ACC-1530,Retail,Basic,15461,2026-10-09,250,0.25,2,68,0,9,0.5,0.53,71,0,0
ACC-1531,Healthcare,Pro,26798,2026-08-24,204,0.77,9,39,0,3,0.54,0.49,75,1,0
ACC-1532,Technology,Enterprise,97470,2026-04-10,68,0.1,12,41,0,7,0.26,0.83,56,0,1
ACC-1533,Finance,Pro,41531,2026-11-29,301,0.39,12,25,0,7,0.72,0.12,70,0,0
ACC-1534,Retail,Enterprise,141956,2026-05-23,111,0.27,13,35,0,5,0.57,0.94,28,1,0
ACC-1535,Technology,Pro,25187,2026-03-25,52,0.11,2,26,1,0,0.49,0.54,15,1,0
ACC-1536,Manufacturing,Basic,18485,2026-02-03,2,0.67,10,17,0,5,0.11,0.9,61,1,0
ACC-1537,Finance,Basic,9958,2026-04-29,87,0.34,3,65,0,8,0.13,0.56,96,0,0
ACC-1538,Technology,Enterprise,179753,2026-05-15,103,0.58,10,17,0,3,0.64,0.98,73,1,0
ACC-1539,Healthcare,Basic,10168,2026-01-28,-4,0.41,15,45,0,3,0.6,0.71,85,1,0
ACC-1540,Technology,Enterprise,227549,2026-07-01,150,0.75,0,70,0,5,0.58,0.47,39,1,0
ACC-1541,Healthcare,Pro,37356,2026-09-28,239,0.73,3,30,0,0,0.59,0.22,78,1,0
ACC-1542,Retail,Pro,27938,2026-10-28,269,0.47,0,19,0,10,0.4,0.91,34,0,1
ACC-1543,Finance,Pro,21563,2026-05-04,92,0.08,14,45,0,2,0.46,0.51,32,1,0
ACC-1544,Technology,Enterprise,62020,2026-10-20,261,0.76,9,67,0,0,0.49,0.38,12,1,0
ACC-1545,Technology,Pro,49629,2026-12-02,304,0.02,10,47,1,9,0.28,1.0,64,1,0
ACC-1546,Technology,Pro,27142,2026-12-16,318,0.5,6,14,0,3,0.62,0.37,37,1,0
ACC-1547,Manufacturing,Basic,10872,2026-03-15,42,0.79,3,16,0,1,0.48,0.33,55,1,0
ACC-1548,Finance,Enterprise,220068,2026-04-09,67,0.61,9,3,0,2,0.49,0.52,67,1,0
ACC-1549,Finance,Enterprise,162193,2026-02-01,0,0.12,13,15,0,10,0.8,0.99,33,0,1
ACC-1550,Retail,Enterprise,73439,2026-12-21,323,0.09,1,39,0,2,0.97,0.2,60,0,1
ACC-1551,Retail,Enterprise,245761,2026-09-16,227,0.75,1,57,0,9,0.76,0.41,12,0,0
ACC-1552,Manufacturing,Enterprise,121003,2026-02-08,7,0.71,7,25,1,2,0.63,0.73,47,1,0
ACC-1553,Manufacturing,Enterprise,203601,2026-05-24,112,0.05,12,48,0,1,0.18,0.22,72,1,0
ACC-1554,Finance,Pro,41566,2026-05-18,106,0.21,4,61,1,8,0.83,0.41,14,1,0
ACC-1555,Finance,Pro,47559,2026-10-06,247,0.38,11,68,0,0,0.16,0.2,89,1,0
ACC-1556,Finance,Pro,49589,2026-12-26,328,0.37,11,10,0,0,0.63,0.95,80,1,0
ACC-1557,Retail,Basic,7750,2026-01-09,-23,0.49,0,37,1,5,0.7,0.55,33,1,0
ACC-1558,Manufacturing,Basic,7891,2026-03-28,55,0.78,11,28,0,5,0.74,0.27,39,1,0
ACC-1559,Technology,Basic,6729,2026-02-06,5,0.29,13,23,1,5,0.29,0.12,39,1,0
ACC-1560,Technology,Enterprise,67741,2026-02-27,26,0.66,15,45,0,0,0.6,0.47,31,1,0
ACC-1561,Retail,Basic,8612,2026-03-02,29,0.0,9,19,1,4,0.46,0.81,59,1,0
ACC-1562,Healthcare,Basic,19772,2026-09-16,227,0.68,11,18,0,5,0.86,0.52,54,1,0
ACC-1563,Finance,Pro,32938,2026-07-23,172,0.06,10,35,0,1,0.82,0.4,21,1,0
ACC-1564,Manufacturing,Pro,37252,2026-11-04,276,0.03,3,61,0,2,0.7,0.65,65,0,0
ACC-1565,Healthcare,Basic,17540,2026-02-22,21,0.43,8,70,0,10,0.12,0.11,35,1,0
ACC-1566,Technology,Pro,42658,2026-03-02,29,0.63,2,20,0,5,0.4,0.24,26,1,0
ACC-1567,Manufacturing,Pro,39653,2026-02-18,17,0.38,14,23,1,9,0.17,0.82,89,1,0
ACC-1568,Healthcare,Enterprise,226701,2026-09-05,216,0.39,14,41,0,6,0.91,0.61,90,0,1
ACC-1569,Healthcare,Basic,17517,2026-11-10,282,0.14,1,30,0,7,0.7,0.11,83,0,0
ACC-1570,Finance,Enterprise,210781,2026-03-02,29,0.04,4,29,0,8,0.94,0.62,11,0,1
ACC-1571,Technology,Enterprise,104056,2027-01-01,334,0.65,12,22,0,3,0.14,0.59,51,1,0
ACC-1572,Manufacturing,Basic,13243,2026-02-04,3,0.1,15,37,1,6,0.37,0.76,86,1,0
ACC-1573,Manufacturing,Basic,19792,2026-11-19,291,0.33,2,51,0,3,0.94,0.65,59,0,1
ACC-1574,Technology,Enterprise,142764,2026-08-24,204,0.45,7,8,0,10,0.44,0.9,19,1,0
ACC-1575,Retail,Basic,13614,2027-01-13,346,0.5,6,29,0,7,0.41,0.27,57,1,0
ACC-1576,Healthcare,Basic,11498,2026-06-11,130,0.65,0,58,0,5,0.92,0.16,51,1,0
ACC-1577,Healthcare,Basic,15250,2027-01-15,348,0.35,3,46,1,8,0.97,0.83,92,1,0
ACC-1578,Technology,Enterprise,166100,2026-12-19,321,0.67,14,4,0,2,0.81,0.11,36,1,0
ACC-1579,Technology,Enterprise,242487,2026-02-06,5,0.24,13,32,1,10,0.95,0.19,37,1,0
ACC-1580,Healthcare,Pro,42032,2026-10-08,249,0.26,6,22,0,10,0.43,0.35,72,0,0
ACC-1581,Retail,Basic,16746,2026-12-09,311,0.46,8,20,0,10,0.67,0.9,87,1,0
ACC-1582,Manufacturing,Basic,5610,2026-12-26,328,0.59,12,17,0,4,0.39,0.21,30,1,0
ACC-1583,Retail,Pro,40576,2026-11-09,281,0.26,9,55,0,8,0.59,0.11,88,0,0
ACC-1584,Retail,Enterprise,68536,2026-06-29,148,0.79,8,15,0,3,0.19,0.62,65,1,0
ACC-1585,Healthcare,Pro,37305,2026-01-22,-10,0.4,12,54,0,0,0.46,0.74,61,1,0
ACC-1586,Healthcare,Enterprise,86989,2026-04-16,74,0.77,13,71,1,8,0.28,0.27,95,1,0
ACC-1587,Finance,Basic,9870,2027-01-28,361,0.58,7,12,0,0,0.76,0.24,66,1,0
ACC-1588,Retail,Basic,12031,2026-08-26,206,0.62,12,26,0,3,0.81,0.27,85,1,0
ACC-1589,Manufacturing,Pro,26897,2026-03-01,28,0.55,12,51,0,4,0.37,0.23,22,1,0
ACC-1590,Healthcare,Basic,17025,2026-11-14,286,0.01,1,44,0,2,0.29,0.43,68,0,0
ACC-1591,Healthcare,Enterprise,137101,2026-06-18,137,0.34,2,43,1,4,0.33,0.76,38,1,0
ACC-1592,Healthcare,Basic,17990,2026-11-18,290,0.19,5,42,0,0,0.45,0.43,20,0,0
ACC-1593,Retail,Pro,49740,2026-05-19,107,0.46,8,70,0,7,0.52,0.83,72,1,0
ACC-1594,Retail,Enterprise,80854,2026-06-06,125,0.14,0,68,1,3,0.39,0.46,44,1,0
ACC-1595,Retail,Enterprise,182724,2026-09-13,224,0.06,6,16,0,4,0.37,0.76,24,1,0
ACC-1596,Technology,Basic,19374,2026-04-27,85,0.1,5,36,0,0,0.51,0.87,78,0,1
ACC-1597,Technology,Basic,7302,2026-04-29,87,0.33,2,17,0,2,0.79,0.66,10,0,0
ACC-1598,Technology,Enterprise,158795,2026-10-18,259,0.41,15,17,0,8,0.19,0.51,33,1,0
ACC-1599,Technology,Basic,10710,2026-10-01,242,0.23,6,40,0,5,0.86,0.11,46,1,0
ACC-1600,Finance,Pro,35190,2026-11-09,281,0.07,10,41,0,0,0.38,0.79,66,1,0
ACC-1601,Finance,Enterprise,184667,2026-09-15,226,0.21,3,4,0,9,0.45,0.5,53,0,0
ACC-1602,Technology,Pro,48735,2026-03-27,54,0.65,3,26,0,3,0.37,0.68,80,1,0
ACC-1603,Healthcare,Basic,9987,2026-05-10,98,0.04,11,45,0,6,0.76,0.47,54,0,0
ACC-1604,Technology,Pro,40175,2026-01-02,-30,0.45,4,57,1,2,0.44,0.18,52,1,0
ACC-1605,Retail,Enterprise,246620,2026-04-12,70,0.15,6,17,0,10,0.84,0.57,52,0,1
ACC-1606,Finance,Pro,47151,2026-12-07,309,0.11,5,69,0,2,0.86,0.93,98,0,1
ACC-1607,Healthcare,Enterprise,207401,2026-03-11,38,0.64,3,31,1,0,0.78,0.55,16,1,0
ACC-1608,Finance,Enterprise,111173,2026-12-06,308,0.5,8,72,0,7,0.49,0.39,85,1,0
ACC-1609,Finance,Pro,48301,2026-09-11,222,0.76,6,47,0,6,0.24,0.62,19,1,0
ACC-1610,Manufacturing,Enterprise,180285,2027-01-07,340,0.48,13,64,1,9,0.86,0.78,24,1,0
ACC-1611,Finance,Pro,49941,2026-08-02,182,0.15,12,29,0,3,0.23,0.5,90,1,0
ACC-1612,Technology,Basic,9072,2026-01-24,-8,0.14,12,29,1,0,0.2,0.95,48,1,0
ACC-1613,Manufacturing,Pro,49207,2026-12-30,332,0.6,6,18,0,8,0.15,0.56,43,1,0
ACC-1614,Retail,Basic,15900,2027-01-31,364,0.75,5,63,0,3,0.59,0.33,32,1,0
ACC-1615,Finance,Enterprise,120029,2026-10-10,251,0.49,0,11,0,2,0.99,0.17,87,1,0
ACC-1616,Manufacturing,Enterprise,138958,2026-03-06,33,0.61,5,63,1,10,1.0,0.12,15,1,0
ACC-1617,Finance,Enterprise,86583,2026-12-17,319,0.19,9,36,0,2,0.19,0.3,25,1,0
ACC-1618,Manufacturing,Basic,14836,2027-01-27,360,0.03,3,58,0,4,0.34,0.56,86,0,0
ACC-1619,Retail,Enterprise,179926,2026-11-24,296,0.68,11,34,0,9,0.34,0.92,93,1,0
ACC-1620,Retail,Enterprise,58105,2026-11-04,276,0.78,9,44,0,5,0.48,0.29,19,1,0
ACC-1621,Healthcare,Enterprise,67118,2026-09-20,231,0.51,13,25,1,2,0.46,0.22,77,1,0
ACC-1622,Retail,Basic,10734,2027-01-12,345,0.05,4,66,0,4,0.94,0.14,75,0,1
ACC-1623,Retail,Basic,12073,2026-11-05,277,0.45,5,2,0,1,0.56,0.9,44,1,0
ACC-1624,Manufacturing,Pro,46338,2026-11-06,278,0.8,9,68,0,6,0.4,0.13,41,1,0
ACC-1625,Manufacturing,Enterprise,78600,2026-06-05,124,0.32,4,25,0,8,0.45,1.0,59,0,1
ACC-1626,Healthcare,Enterprise,120068,2026-12-22,324,0.75,13,50,0,1,0.85,0.95,56,1,0
ACC-1627,Technology,Enterprise,73034,2026-06-15,134,0.11,0,36,1,1,0.17,0.19,60,1,0
ACC-1628,Finance,Enterprise,96708,2026-12-20,322,0.47,3,7,0,10,0.21,0.49,66,0,0
ACC-1629,Finance,Pro,21855,2026-02-03,2,0.15,2,60,1,9,0.17,0.24,68,1,0
ACC-1630,Finance,Enterprise,173778,2026-05-15,103,0.46,9,70,0,7,0.25,0.63,40,1,0
ACC-1631,Healthcare,Basic,19253,2026-12-22,324,0.18,10,5,0,0,0.71,0.97,66,1,0
ACC-1632,Finance,Pro,42375,2027-02-01,365,0.58,0,67,0,6,0.91,0.78,82,0,1
ACC-1633,Healthcare,Enterprise,75681,2026-06-13,132,0.41,13,53,0,2,0.98,0.55,12,1,0
ACC-1634,Finance,Basic,6095,2026-02-12,11,0.03,8,31,0,0,0.89,0.1,66,1,0
ACC-1635,Manufacturing,Basic,5157,2026-08-26,206,0.35,9,62,0,10,0.73,0.58,22,0,0
ACC-1636,Finance,Basic,8327,2026-03-13,40,0.38,5,37,0,6,0.32,0.6,74,0,0
ACC-1637,Healthcare,Pro,22912,2026-11-20,292,0.17,8,55,0,5,0.9,0.85,62,1,0
ACC-1638,Manufacturing,Enterprise,113661,2026-07-22,171,0.58,0,40,0,7,0.13,0.2,45,0,0
ACC-1639,Manufacturing,Pro,24049,2026-01-17,-15,0.45,6,36,0,1,0.9,0.87,28,1,0
ACC-1640,Healthcare,Pro,29511,2026-03-09,36,0.09,2,30,0,2,0.97,0.94,84,0,1
ACC-1641,Finance,Enterprise,246745,2026-01-10,-22,0.06,7,9,0,0,0.28,0.9,70,1,0
ACC-1642,Technology,Enterprise,212819,2026-01-09,-23,0.08,11,17,0,1,0.62,0.73,82,1,0
ACC-1643,Technology,Basic,10371,2026-12-01,303,0.77,4,64,0,7,0.21,0.86,20,0,1
ACC-1644,Retail,Enterprise,225899,2026-01-16,-16,0.38,8,46,0,9,0.93,0.48,27,0,1
ACC-1645,Technology,Basic,5677,2027-01-31,364,0.46,5,54,0,9,0.32,0.89,19,0,1
ACC-1646,Retail,Enterprise,122360,2026-07-25,174,0.25,15,66,0,0,0.9,0.67,72,1,0
ACC-1647,Finance,Pro,47728,2026-03-27,54,0.17,6,58,0,5,0.55,0.18,45,1,0
ACC-1648,Retail,Pro,29231,2026-07-13,162,0.15,1,12,0,9,0.12,0.95,65,0,1
ACC-1649,Finance,Basic,11912,2027-01-09,342,0.4,6,36,0,0,0.8,0.22,41,1,0
ACC-1650,Finance,Pro,48327,2026-07-31,180,0.16,14,49,0,10,0.76,0.38,90,0,0
ACC-1651,Manufacturing,Pro,20369,2026-01-31,-1,0.03,1,57,0,8,0.17,0.66,91,0,0
ACC-1652,Retail,Basic,19377,2026-07-26,175,0.58,6,22,0,10,0.55,0.64,70,1,0
ACC-1653,Healthcare,Basic,16391,2026-11-22,294,0.35,3,71,0,3,0.5,0.21,26,0,0
ACC-1654,Healthcare,Enterprise,172706,2026-10-14,255,0.7,7,55,0,0,0.76,0.68,83,1,0
ACC-1655,Technology,Enterprise,247902,2026-03-28,55,0.15,14,64,1,3,0.36,0.5,24,1,0
ACC-1656,Manufacturing,Pro,26462,2026-01-26,-6,0.59,12,10,0,7,0.98,0.68,16,1,0
ACC-1657,Manufacturing,Enterprise,180222,2027-01-07,340,0.31,9,42,0,9,0.22,0.68,62,0,0
ACC-1658,Technology,Pro,46403,2026-12-10,312,0.6,10,60,0,2,0.16,0.11,69,1,0
ACC-1659,Healthcare,Basic,10462,2026-07-10,159,0.38,9,62,0,6,0.8,0.74,93,0,0
ACC-1660,Finance,Pro,25142,2026-04-24,82,0.78,11,42,1,6,0.7,0.72,29,1,0
ACC-1661,Healthcare,Pro,22011,2026-10-19,260,0.75,6,44,0,1,0.39,0.44,31,1,0
ACC-1662,Manufacturing,Basic,14498,2026-04-23,81,0.58,1,22,0,8,0.22,0.73,10,0,0
ACC-1663,Healthcare,Pro,23947,2026-04-24,82,0.3,1,62,0,8,0.2,0.52,40,0,0
ACC-1664,Manufacturing,Basic,15151,2026-10-10,251,0.26,2,31,0,6,0.74,0.88,71,0,1
ACC-1665,Healthcare,Enterprise,206660,2026-10-12,253,0.67,13,69,0,10,0.21,0.2,70,1,0
ACC-1666,Retail,Basic,8934,2026-09-07,218,0.12,13,13,0,10,0.15,0.3,58,0,0
ACC-1667,Retail,Enterprise,74781,2026-03-22,49,0.55,3,33,0,5,0.98,0.31,41,1,0
ACC-1668,Retail,Pro,39845,2026-05-24,112,0.18,10,8,0,5,0.37,0.68,12,1,0
ACC-1669,Healthcare,Pro,21085,2026-04-13,71,0.67,1,35,0,3,0.43,0.2,71,1,0
ACC-1670,Technology,Pro,48054,2026-01-02,-30,0.72,3,16,0,2,0.76,0.64,52,1,0
ACC-1671,Retail,Enterprise,161160,2026-04-24,82,0.6,15,60,0,3,0.57,0.94,51,1,0
ACC-1672,Finance,Enterprise,208703,2026-04-24,82,0.24,13,71,0,4,0.79,0.81,58,1,0
ACC-1673,Technology,Enterprise,221338,2026-06-11,130,0.07,13,49,0,0,0.39,0.96,19,1,0
ACC-1674,Manufacturing,Enterprise,140761,2026-05-12,100,0.49,0,32,0,3,0.69,0.79,95,1,0
ACC-1675,Retail,Basic,16117,2026-11-07,279,0.38,3,40,1,0,0.99,0.24,62,1,0
ACC-1676,Technology,Pro,32327,2027-01-09,342,0.63,3,11,0,4,0.48,0.19,75,1,0
ACC-1677,Retail,Basic,15809,2026-03-16,43,0.27,3,68,1,1,0.48,0.63,78,1,0
ACC-1678,Technology,Pro,44640,2026-09-02,213,0.59,8,38,0,0,0.31,0.1,74,1,0
ACC-1679,Healthcare,Enterprise,223277,2026-11-22,294,0.55,0,60,0,4,0.57,0.47,78,1,0
ACC-1680,Finance,Enterprise,248684,2026-03-24,51,0.07,1,67,1,0,0.54,0.66,83,1,0
ACC-1681,Retail,Pro,29235,2026-03-01,28,0.5,3,23,0,0,0.11,0.18,65,1,0
ACC-1682,Retail,Pro,31631,2026-05-02,90,0.15,3,11,1,0,0.44,0.57,98,1,0
ACC-1683,Healthcare,Enterprise,239730,2026-08-29,209,0.33,0,39,0,4,0.21,0.18,67,0,0
ACC-1684,Manufacturing,Pro,41900,2026-11-11,283,0.2,12,16,0,4,0.83,0.5,59,1,0
ACC-1685,Finance,Pro,35035,2026-12-11,313,0.55,9,10,0,9,0.56,0.29,40,1,0
ACC-1686,Technology,Enterprise,191554,2026-10-01,242,0.17,12,33,1,0,0.2,0.7,44,1,0
ACC-1687,Healthcare,Basic,8663,2026-08-11,191,0.11,11,28,1,4,0.96,0.55,45,1,0
ACC-1688,Technology,Enterprise,107985,2026-02-05,4,0.45,15,33,0,3,0.88,0.74,73,1,0
ACC-1689,Manufacturing,Basic,7233,2026-12-26,328,0.48,3,6,1,3,0.65,0.95,75,1,0
ACC-1690,Technology,Basic,15105,2026-03-12,39,0.69,8,61,0,9,0.38,0.6,29,1,0
ACC-1691,Technology,Enterprise,51356,2026-07-23,172,0.17,7,51,0,1,0.77,0.98,70,1,0
ACC-1692,Manufacturing,Basic,14770,2026-02-14,13,0.61,5,29,0,6,0.16,0.83,53,0,1
ACC-1693,Healthcare,Enterprise,83861,2026-07-10,159,0.61,2,43,0,5,0.45,0.11,42,1,0
ACC-1694,Technology,Enterprise,166476,2026-11-22,294,0.19,2,32,0,2,0.94,0.19,59,0,1
ACC-1695,Finance,Enterprise,88016,2027-01-02,335,0.79,12,53,0,8,0.8,0.79,26,1,0
ACC-1696,Finance,Basic,15503,2026-10-23,264,0.69,7,38,0,4,1.0,0.19,14,1,0
ACC-1697,Healthcare,Basic,8757,2026-09-24,235,0.07,0,26,0,8,0.44,0.22,35,0,0
ACC-1698,Retail,Pro,20423,2026-12-05,307,0.31,11,40,0,5,0.6,0.41,46,1,0
ACC-1699,Finance,Enterprise,184577,2027-01-07,340,0.78,3,11,0,0,0.59,0.63,55,1,0
ACC-1700,Technology,Enterprise,152392,2026-08-17,197,0.59,13,67,1,9,0.61,0.69,58,1,0
ACC-1701,Retail,Enterprise,114211,2026-04-21,79,0.03,1,18,0,7,0.28,0.48,63,0,0
ACC-1702,Technology,Basic,19706,2026-06-22,141,0.61,0,43,1,1,0.65,0.18,27,1,0
ACC-1703,Technology,Pro,23809,2026-11-16,288,0.51,2,2,0,1,0.14,0.77,69,1,0
ACC-1704,Finance,Pro,33775,2026-07-12,161,0.4,0,62,1,6,0.38,0.91,31,1,0
ACC-1705,Manufacturing,Basic,19450,2027-01-15,348,0.27,2,18,0,6,0.87,0.13,90,0,1
ACC-1706,Healthcare,Basic,19501,2026-04-06,64,0.55,13,54,1,8,0.23,0.53,17,1,0
ACC-1707,Retail,Pro,43826,2026-01-26,-6,0.17,0,10,0,4,0.89,0.95,27,0,1
ACC-1708,Manufacturing,Basic,19649,2026-03-19,46,0.13,9,58,0,2,0.74,0.72,92,1,0
ACC-1709,Technology,Pro,20237,2026-02-18,17,0.28,8,8,0,4,0.48,0.9,20,1,0
ACC-1710,Retail,Enterprise,171903,2026-08-23,203,0.3,12,14,1,10,0.84,0.76,11,1,0
ACC-1711,Retail,Basic,15968,2026-04-03,61,0.23,10,6,0,9,0.68,0.2,24,0,0
ACC-1712,Technology,Pro,42306,2026-07-30,179,0.43,10,44,0,2,0.13,0.27,17,1,0
ACC-1713,Manufacturing,Pro,42632,2026-08-26,206,0.79,3,62,0,7,0.96,0.79,41,0,1
ACC-1714,Healthcare,Pro,36718,2026-07-29,178,0.09,6,14,0,1,0.19,0.76,11,1,0
ACC-1715,Finance,Pro,25204,2026-12-25,327,0.2,2,58,0,4,0.86,0.13,18,0,1
ACC-1716,Manufacturing,Basic,14692,2026-11-08,280,0.44,13,39,0,2,0.4,0.16,62,1,0
ACC-1717,Technology,Basic,14619,2026-06-18,137,0.52,5,39,0,3,0.13,0.62,20,1,0
ACC-1718,Manufacturing,Pro,29002,2026-12-30,332,0.17,10,19,0,0,0.92,0.64,57,1,0
ACC-1719,Healthcare,Enterprise,219394,2027-01-02,335,0.68,10,63,0,7,0.29,1.0,100,1,0
ACC-1720,Technology,Enterprise,169312,2026-12-31,333,0.09,13,11,1,8,0.16,0.27,81,1,0
ACC-1721,Technology,Basic,8809,2026-07-21,170,0.4,9,63,1,9,0.96,0.13,67,1,0
ACC-1722,Technology,Basic,7269,2026-12-30,332,0.35,10,38,0,1,0.72,0.33,92,1,0
ACC-1723,Finance,Pro,35090,2026-07-23,172,0.8,13,50,0,4,0.17,0.28,83,1,0
ACC-1724,Finance,Enterprise,109736,2026-03-11,38,0.25,12,8,0,10,0.82,0.44,54,0,1
ACC-1725,Finance,Basic,19166,2026-04-15,73,0.26,6,40,0,7,0.64,0.56,42,0,0
ACC-1726,Retail,Enterprise,201095,2026-03-28,55,0.14,4,55,0,8,0.55,0.6,38,0,0
ACC-1727,Technology,Pro,39738,2026-01-27,-5,0.31,9,21,0,7,0.21,0.12,53,0,0
ACC-1728,Manufacturing,Enterprise,89184,2026-02-05,4,0.63,9,48,0,10,0.39,0.16,82,1,0
ACC-1729,Retail,Enterprise,249476,2026-11-02,274,0.39,13,26,0,2,0.82,0.7,51,1,0
ACC-1730,Finance,Enterprise,93868,2026-06-13,132,0.71,3,45,0,6,0.84,0.27,21,0,1
ACC-1731,Retail,Pro,33987,2026-04-24,82,0.09,1,33,0,2,0.32,0.82,73,0,1
ACC-1732,Manufacturing,Enterprise,105068,2026-07-06,155,0.75,1,23,0,8,0.62,0.23,25,0,0
ACC-1733,Healthcare,Pro,39278,2026-10-26,267,0.03,5,52,0,7,0.36,0.24,96,0,0
ACC-1734,Finance,Pro,42953,2026-01-13,-19,0.61,1,70,0,10,0.68,0.54,35,0,0
ACC-1735,Finance,Enterprise,246925,2026-03-11,38,0.6,8,15,1,3,0.99,0.13,87,1,0
ACC-1736,Retail,Enterprise,183533,2026-05-07,95,0.65,10,56,0,3,0.44,0.31,16,1,0
ACC-1737,Retail,Pro,34244,2026-02-04,3,0.44,8,27,0,9,0.89,0.54,34,1,0
ACC-1738,Retail,Pro,43823,2026-11-29,301,0.63,3,23,1,3,0.99,0.28,88,1,0
ACC-1739,Retail,Enterprise,102417,2026-09-03,214,0.79,11,28,0,8,0.3,0.65,24,1,0
ACC-1740,Manufacturing,Enterprise,165667,2026-06-17,136,0.71,7,69,0,9,0.93,0.97,83,1,0
ACC-1741,Retail,Pro,34911,2026-03-08,35,0.03,15,17,0,10,0.92,0.72,64,0,1
ACC-1742,Finance,Enterprise,65530,2026-06-26,145,0.57,9,22,0,4,0.8,0.42,38,1,0
ACC-1743,Finance,Enterprise,137412,2026-07-05,154,0.43,0,54,0,3,0.91,0.52,42,1,0
ACC-1744,Retail,Pro,38762,2026-07-04,153,0.56,6,64,1,0,0.94,0.61,84,1,0
ACC-1745,Finance,Enterprise,192775,2026-11-30,302,0.76,5,17,0,3,0.55,0.67,57,1,0
ACC-1746,Finance,Pro,47768,2027-01-15,348,0.32,8,35,0,3,0.61,0.84,48,1,0
ACC-1747,Retail,Pro,20181,2026-09-28,239,0.19,4,52,0,4,0.47,0.17,69,0,0
ACC-1748,Technology,Basic,15481,2026-11-27,299,0.33,8,23,1,9,0.48,0.77,77,1,0
ACC-1749,Manufacturing,Basic,17902,2027-01-28,361,0.76,7,26,0,10,0.9,0.42,58,1,0
ACC-1750,Technology,Pro,34322,2026-01-14,-18,0.23,5,31,0,6,0.47,0.49,92,0,0
ACC-1751,Finance,Pro,31129,2026-12-07,309,0.68,10,20,0,3,0.62,0.66,89,1,0
ACC-1752,Healthcare,Pro,25516,2026-08-03,183,0.52,11,64,0,10,0.78,0.23,78,1,0
ACC-1753,Finance,Basic,14152,2026-11-27,299,0.74,5,48,0,6,0.42,0.64,22,0,0
ACC-1754,Healthcare,Basic,15453,2027-01-25,358,0.6,6,36,0,10,0.85,1.0,86,1,0
ACC-1755,Manufacturing,Enterprise,169749,2026-11-09,281,0.75,3,62,0,2,0.54,0.91,77,1,0
ACC-1756,Finance,Basic,11867,2026-03-28,55,0.12,11,14,0,2,0.41,0.62,84,1,0
ACC-1757,Retail,Enterprise,248244,2026-05-16,104,0.13,11,54,1,8,0.28,0.77,88,1,0
ACC-1758,Healthcare,Enterprise,64473,2026-03-09,36,0.8,15,23,1,10,0.93,0.28,12,1,0
ACC-1759,Retail,Basic,8860,2026-02-10,9,0.08,11,45,0,8,0.95,0.86,71,0,1
ACC-1760,Retail,Basic,12278,2026-01-03,-29,0.05,12,4,0,3,0.16,0.67,21,1,0
ACC-1761,Healthcare,Pro,38872,2026-01-24,-8,0.77,2,70,0,8,0.45,0.24,40,0,0
ACC-1762,Healthcare,Pro,48177,2026-10-29,270,0.55,2,63,0,6,0.2,0.74,65,0,0
ACC-1763,Technology,Basic,7933,2026-07-14,163,0.55,3,57,0,2,0.53,0.39,32,1,0
ACC-1764,Technology,Pro,43375,2026-11-28,300,0.13,15,14,0,10,0.97,0.24,24,0,1
ACC-1765,Manufacturing,Basic,9968,2026-04-08,66,0.39,13,30,0,5,0.81,0.34,64,1,0
ACC-1766,Retail,Basic,13572,2026-06-30,149,0.64,5,3,0,7,0.13,0.84,30,0,1
ACC-1767,Manufacturing,Basic,11844,2026-10-21,262,0.5,5,27,0,9,0.35,0.54,82,0,0
ACC-1768,Healthcare,Pro,28215,2026-09-22,233,0.51,3,37,0,2,0.99,0.48,92,1,0
ACC-1769,Retail,Basic,19730,2026-05-25,113,0.42,4,44,1,2,0.93,0.67,68,1,0
ACC-1770,Retail,Pro,34006,2026-09-16,227,0.21,0,69,0,1,0.34,0.67,26,0,0
ACC-1771,Manufacturing,Enterprise,230926,2026-06-07,126,0.04,0,33,0,9,0.39,0.36,85,0,0
ACC-1772,Finance,Pro,40907,2026-07-01,150,0.14,7,18,1,10,0.58,0.77,99,1,0
ACC-1773,Healthcare,Enterprise,64058,2026-09-25,236,0.55,10,19,0,3,0.13,0.14,62,1,0
ACC-1774,Finance,Pro,46397,2026-04-27,85,0.11,4,29,0,2,0.41,0.65,69,0,0
ACC-1775,Healthcare,Enterprise,119373,2026-07-09,158,0.13,10,48,0,10,0.64,0.46,55,0,0
ACC-1776,Retail,Enterprise,198527,2026-04-12,70,0.55,3,40,0,5,0.89,0.27,66,1,0
ACC-1777,Healthcare,Pro,49824,2026-10-16,257,0.55,10,70,0,8,0.86,0.83,84,1,0
ACC-1778,Finance,Pro,40462,2026-11-01,273,0.57,10,38,0,8,0.16,0.29,37,1,0
ACC-1779,Healthcare,Basic,5995,2026-08-18,198,0.71,12,2,1,6,0.46,0.18,60,1,0
ACC-1780,Manufacturing,Enterprise,224476,2027-01-05,338,0.08,5,3,0,2,0.19,0.61,17,0,0
ACC-1781,Retail,Enterprise,137957,2027-01-19,352,0.07,9,59,0,2,0.11,0.31,47,1,0
ACC-1782,Technology,Enterprise,231902,2026-08-31,211,0.59,1,60,0,6,0.47,0.51,66,0,0
ACC-1783,Technology,Pro,28138,2026-04-17,75,0.41,2,59,0,2,0.57,0.82,58,1,0
ACC-1784,Retail,Pro,21697,2026-03-11,38,0.07,13,13,0,5,0.25,0.51,72,1,0
ACC-1785,Retail,Pro,22794,2026-01-05,-27,0.36,5,69,1,3,0.56,0.8,33,1,0
ACC-1786,Finance,Enterprise,191353,2026-04-04,62,0.48,6,51,0,3,0.55,0.22,85,1,0
ACC-1787,Technology,Enterprise,233624,2026-02-14,13,0.71,0,31,0,7,0.47,0.85,10,0,1
ACC-1788,Technology,Basic,13455,2026-05-19,107,0.17,4,16,0,7,0.49,0.21,79,0,0
ACC-1789,Technology,Pro,29909,2026-12-22,324,0.55,14,27,0,6,0.91,0.54,11,1,0
ACC-1790,Healthcare,Pro,47668,2026-01-09,-23,0.29,11,40,0,1,0.86,0.47,35,1,0
ACC-1791,Manufacturing,Enterprise,104874,2026-09-15,226,0.72,13,36,1,8,0.8,0.72,61,1,0
ACC-1792,Technology,Basic,15073,2027-01-03,336,0.51,5,29,0,5,0.11,0.35,77,1,0
ACC-1793,Healthcare,Enterprise,137837,2026-08-10,190,0.72,1,65,0,2,0.59,0.28,58,1,0
ACC-1794,Finance,Enterprise,224656,2026-04-19,77,0.04,15,54,0,1,0.27,0.31,97,1,0
ACC-1795,Technology,Basic,12722,2026-07-26,175,0.5,7,13,0,0,0.68,0.55,71,1,0
ACC-1796,Manufacturing,Pro,33372,2026-03-24,51,0.47,0,38,1,0,0.72,0.35,75,1,0
ACC-1797,Technology,Basic,11679,2026-07-19,168,0.72,5,3,0,10,0.98,0.16,11,0,1
ACC-1798,Finance,Pro,27405,2026-01-28,-4,0.8,15,52,1,7,0.6,0.79,69,1,0
ACC-1799,Healthcare,Enterprise,147791,2026-11-17,289,0.22,1,47,0,9,0.38,0.48,91,0,0
ACC-1800,Technology,Enterprise,220699,2026-06-10,129,0.09,2,68,0,6,0.64,0.93,72,0,1
ACC-1801,Retail,Pro,28081,2026-03-19,46,0.22,14,28,0,9,0.39,0.33,58,0,0
ACC-1802,Retail,Pro,44449,2026-04-02,60,0.68,11,17,1,2,0.75,0.56,46,1,0
ACC-1803,Retail,Basic,8487,2026-07-31,180,0.05,3,27,1,8,0.56,0.5,41,1,0
ACC-1804,Retail,Enterprise,83665,2026-09-17,228,0.49,6,40,0,7,0.31,0.19,42,1,0
ACC-1805,Manufacturing,Basic,11678,2026-12-31,333,0.41,4,29,0,5,0.28,0.16,21,1,0
ACC-1806,Technology,Pro,24766,2026-02-05,4,0.65,2,52,0,6,0.28,0.83,59,0,1
ACC-1807,Technology,Pro,23182,2026-03-14,41,0.03,10,29,0,8,0.18,0.54,18,0,0
ACC-1808,Technology,Basic,7907,2026-03-23,50,0.71,1,49,0,5,0.23,0.35,67,1,0
ACC-1809,Finance,Enterprise,216220,2026-02-28,27,0.2,9,19,0,2,0.31,0.18,53,1,0
ACC-1810,Finance,Basic,19200,2026-06-29,148,0.62,6,32,0,4,0.18,0.54,88,1,0
ACC-1811,Retail,Basic,11568,2026-01-20,-12,0.31,15,54,1,5,0.77,0.35,61,1,0
ACC-1812,Retail,Basic,11095,2026-02-25,24,0.28,11,57,1,5,0.53,0.43,91,1,0
ACC-1813,Finance,Basic,14902,2026-08-13,193,0.74,15,22,0,6,0.72,0.72,17,1,0
ACC-1814,Finance,Pro,23430,2026-03-02,29,0.47,1,34,0,8,0.88,0.97,37,0,1
ACC-1815,Retail,Basic,8178,2026-10-26,267,0.25,1,52,0,0,0.64,0.41,78,0,0
ACC-1816,Finance,Pro,31665,2026-03-09,36,0.18,9,68,0,0,0.32,0.23,79,1,0
ACC-1817,Finance,Pro,31650,2026-08-11,191,0.2,1,12,1,5,0.55,0.64,11,1,0
ACC-1818,Finance,Enterprise,197182,2026-05-27,115,0.54,4,29,1,6,0.29,0.97,89,1,0
ACC-1819,Manufacturing,Pro,47999,2026-10-19,260,0.35,6,52,0,4,0.65,0.79,43,1,0
ACC-1820,Healthcare,Basic,17684,2026-09-29,240,0.37,6,23,0,5,0.82,0.13,66,1,0
ACC-1821,Retail,Pro,22862,2026-12-19,321,0.75,4,46,0,7,0.73,0.79,77,0,1
ACC-1822,Retail,Enterprise,209309,2026-12-11,313,0.48,12,54,0,10,0.94,0.64,88,1,0
ACC-1823,Manufacturing,Pro,41465,2026-06-09,128,0.69,2,39,1,0,0.97,0.95,13,1,0
ACC-1824,Manufacturing,Basic,12432,2026-04-02,60,0.76,9,16,0,7,0.3,0.38,34,1,0
ACC-1825,Manufacturing,Basic,8992,2026-05-11,99,0.04,6,71,0,5,0.28,0.4,30,1,0
ACC-1826,Technology,Pro,27277,2027-01-24,357,0.18,2,51,0,6,0.61,0.89,17,0,1
ACC-1827,Manufacturing,Pro,24055,2027-01-18,351,0.07,15,55,0,3,0.32,0.64,71,1,0
ACC-1828,Manufacturing,Basic,6278,2026-06-28,147,0.1,13,56,1,1,0.95,0.25,23,1,0
ACC-1829,Retail,Basic,8691,2026-08-02,182,0.71,5,58,0,5,0.87,0.69,92,1,0
ACC-1830,Retail,Enterprise,236089,2026-12-24,326,0.08,5,58,0,9,0.59,0.38,88,0,0
ACC-1831,Retail,Basic,13261,2026-10-12,253,0.56,8,62,0,6,0.35,0.48,59,1,0
ACC-1832,Technology,Pro,34578,2026-05-25,113,0.73,8,59,0,9,0.41,0.75,91,1,0
ACC-1833,Retail,Basic,9578,2026-12-25,327,0.3,13,51,0,0,0.58,0.19,35,1,0
ACC-1834,Manufacturing,Basic,14507,2027-01-23,356,0.64,12,26,1,10,0.38,0.43,90,1,0
ACC-1835,Finance,Basic,6080,2026-08-24,204,0.24,11,21,1,4,0.89,0.11,46,1,0
ACC-1836,Finance,Pro,43625,2026-03-24,51,0.39,14,34,0,2,0.18,0.46,28,1,0
ACC-1837,Manufacturing,Basic,8077,2026-05-15,103,0.19,10,10,0,6,0.4,0.22,46,0,0
ACC-1838,Retail,Pro,41644,2026-03-27,54,0.09,3,70,0,3,0.42,0.32,69,0,0
ACC-1839,Manufacturing,Pro,44883,2026-09-14,225,0.35,15,6,1,6,0.86,0.43,92,1,0
ACC-1840,Finance,Pro,47716,2026-04-29,87,0.63,0,45,0,2,0.71,0.24,17,1,0
ACC-1841,Retail,Basic,9942,2026-02-24,23,0.36,10,39,1,4,0.5,0.65,27,1,0
ACC-1842,Technology,Basic,6176,2026-03-06,33,0.74,13,17,0,2,0.63,0.47,10,1,0
ACC-1843,Retail,Basic,12484,2026-06-27,146,0.05,0,44,0,8,0.5,0.89,27,0,1
ACC-1844,Retail,Pro,45849,2026-12-17,319,0.44,12,10,0,0,0.33,0.32,78,1,0
ACC-1845,Retail,Basic,13012,2026-09-29,240,0.21,15,46,0,1,0.62,0.12,63,1,0
ACC-1846,Manufacturing,Enterprise,76936,2026-10-12,253,0.54,13,42,0,10,0.45,0.25,24,1,0
ACC-1847,Healthcare,Enterprise,144073,2026-06-17,136,0.03,9,35,0,10,0.3,0.52,91,0,0
ACC-1848,Healthcare,Enterprise,176495,2026-08-23,203,0.75,6,51,0,6,0.99,0.99,91,1,0
ACC-1849,Healthcare,Basic,8483,2026-07-27,176,0.31,8,59,0,10,0.82,0.24,29,0,1
ACC-1850,Manufacturing,Pro,30985,2026-05-23,111,0.01,13,69,0,0,0.49,0.35,67,1,0
ACC-1851,Healthcare,Pro,20693,2026-10-18,259,0.11,0,4,0,1,0.36,0.42,72,0,0
ACC-1852,Technology,Pro,40889,2026-09-23,234,0.66,2,35,0,2,0.59,0.73,24,1,0
ACC-1853,Retail,Enterprise,190444,2026-01-07,-25,0.67,7,30,0,8,0.41,0.66,16,1,0
ACC-1854,Retail,Pro,23628,2026-03-17,44,0.4,9,16,0,1,0.27,0.69,78,1,0
ACC-1855,Retail,Enterprise,100170,2026-08-04,184,0.56,0,35,0,8,0.38,0.98,39,0,1
ACC-1856,Technology,Enterprise,233744,2027-01-21,354,0.53,14,9,0,9,0.97,0.64,56,1,0
ACC-1857,Manufacturing,Enterprise,192687,2026-11-29,301,0.19,4,9,1,0,0.61,0.8,32,1,0
ACC-1858,Healthcare,Pro,36445,2026-01-16,-16,0.13,0,13,0,10,0.95,0.87,99,0,1
ACC-1859,Technology,Basic,12307,2026-10-24,265,0.31,0,14,0,1,0.18,0.52,54,0,0
ACC-1860,Finance,Basic,12738,2026-11-18,290,0.8,15,31,0,4,0.3,0.43,87,1,0
ACC-1861,Manufacturing,Pro,37411,2026-01-07,-25,0.66,12,61,1,0,0.54,0.38,14,1,0
ACC-1862,Healthcare,Pro,37958,2026-05-01,89,0.68,10,12,0,2,0.72,0.17,13,1,0
ACC-1863,Manufacturing,Basic,14670,2026-03-31,58,0.63,1,55,1,4,0.34,0.96,75,1,0
ACC-1864,Manufacturing,Basic,7322,2026-08-17,197,0.52,10,68,0,1,0.32,0.7,48,1,0
ACC-1865,Technology,Basic,9504,2026-11-14,286,0.47,11,43,0,0,0.21,0.6,64,1,0
ACC-1866,Finance,Enterprise,189905,2026-05-10,98,0.56,3,69,0,2,0.5,0.71,70,1,0
ACC-1867,Finance,Pro,28065,2026-02-01,0,0.02,12,47,0,8,0.48,0.72,36,0,0
ACC-1868,Technology,Basic,18854,2026-08-15,195,0.69,12,24,0,6,0.51,0.23,55,1,0
ACC-1869,Manufacturing,Basic,12961,2027-01-18,351,0.77,5,71,0,2,0.36,0.76,59,1,0
ACC-1870,Healthcare,Basic,8400,2026-05-13,101,0.02,13,30,0,2,0.29,0.69,11,1,0
ACC-1871,Technology,Enterprise,182695,2026-09-13,224,0.6,5,33,0,8,0.22,0.22,39,0,0
ACC-1872,Finance,Pro,30056,2026-06-24,143,0.62,3,68,0,4,0.8,0.71,37,1,0
ACC-1873,Technology,Basic,13133,2026-05-05,93,0.35,1,14,1,5,0.17,0.86,42,1,0
ACC-1874,Manufacturing,Pro,41235,2027-01-24,357,0.79,0,5,0,9,0.76,0.64,48,0,0
ACC-1875,Finance,Pro,43272,2027-01-08,341,0.38,11,68,0,10,0.78,0.67,87,0,0
ACC-1876,Manufacturing,Enterprise,136176,2026-05-23,111,0.11,15,29,0,9,0.43,0.29,47,0,0
ACC-1877,Healthcare,Pro,42133,2026-05-08,96,0.21,14,10,0,4,0.73,0.73,93,1,0
ACC-1878,Retail,Basic,14904,2026-10-14,255,0.6,2,30,0,1,0.51,0.57,83,1,0
ACC-1879,Technology,Basic,12548,2026-11-01,273,0.76,4,42,0,0,0.48,0.14,82,1,0
ACC-1880,Healthcare,Enterprise,217724,2027-01-10,343,0.19,13,50,1,10,0.15,0.55,22,1,0
ACC-1881,Retail,Pro,35786,2027-01-14,347,0.24,6,41,0,9,0.52,0.24,54,0,0
ACC-1882,Manufacturing,Enterprise,150546,2026-06-18,137,0.74,14,45,0,3,0.55,0.98,22,1,0
ACC-1883,Finance,Pro,45482,2026-03-31,58,0.48,1,4,1,5,0.4,0.11,41,1,0
ACC-1884,Manufacturing,Basic,17368,2027-01-16,349,0.61,6,54,0,1,0.19,0.98,17,1,0
ACC-1885,Healthcare,Pro,26594,2026-12-29,331,0.7,9,5,0,6,0.84,0.73,25,1,0
ACC-1886,Healthcare,Enterprise,69491,2027-01-03,336,0.72,7,58,0,8,0.2,0.14,61,1,0
ACC-1887,Healthcare,Pro,38257,2027-01-17,350,0.66,6,72,0,6,0.44,0.41,63,1,0
ACC-1888,Manufacturing,Basic,17411,2026-11-12,284,0.67,2,50,0,8,0.12,0.35,62,0,0
ACC-1889,Healthcare,Pro,38933,2026-11-13,285,0.8,2,44,0,3,0.63,0.2,90,1,0
ACC-1890,Healthcare,Enterprise,234266,2026-07-14,163,0.77,14,52,0,5,0.11,0.67,53,1,0
ACC-1891,Retail,Basic,5861,2026-07-07,156,0.74,0,66,0,4,0.72,0.85,57,1,0
ACC-1892,Manufacturing,Enterprise,120446,2026-11-06,278,0.46,15,69,1,3,0.43,0.78,76,1,0
ACC-1893,Technology,Basic,9908,2026-01-02,-30,0.62,9,8,0,4,0.76,0.69,74,1,0
ACC-1894,Finance,Basic,6683,2026-06-02,121,0.66,3,6,0,1,0.36,0.63,57,1,0
ACC-1895,Technology,Basic,7670,2026-12-17,319,0.09,8,10,1,6,0.24,0.32,35,1,0
ACC-1896,Retail,Basic,9224,2026-04-04,62,0.4,14,44,1,0,0.96,0.98,60,1,0
ACC-1897,Healthcare,Enterprise,87980,2026-05-11,99,0.21,12,11,0,5,0.79,0.32,29,1,0
ACC-1898,Finance,Pro,34634,2026-02-23,22,0.68,4,11,0,8,0.41,0.34,89,0,0
ACC-1899,Healthcare,Basic,11336,2026-11-23,295,0.16,8,23,0,8,0.14,0.99,74,0,1
ACC-1900,Finance,Pro,24006,2027-01-25,358,0.43,1,11,0,10,0.77,0.93,36,0,1
ACC-1901,Manufacturing,Basic,11725,2027-01-19,352,0.21,6,47,0,6,0.91,0.51,23,0,1
ACC-1902,Finance,Pro,34823,2026-01-09,-23,0.8,6,41,0,5,0.3,0.41,24,1,0
ACC-1903,Technology,Enterprise,61615,2027-01-08,341,0.59,13,39,0,4,0.28,0.24,19,1,0
ACC-1904,Finance,Pro,26944,2026-10-11,252,0.09,14,62,0,0,0.89,0.41,55,1,0
ACC-1905,Finance,Basic,15824,2026-05-27,115,0.43,3,48,0,10,0.55,0.7,50,0,0
ACC-1906,Finance,Enterprise,112480,2026-01-05,-27,0.76,4,72,1,8,0.7,0.25,71,1,0
ACC-1907,Retail,Pro,44718,2026-03-02,29,0.34,1,40,0,3,0.93,0.12,84,0,1
ACC-1908,Manufacturing,Enterprise,181164,2026-06-17,136,0.73,1,39,0,2,0.92,0.59,84,1,0
ACC-1909,Healthcare,Pro,46030,2026-11-19,291,0.2,15,36,1,8,0.43,0.26,45,1,0
ACC-1910,Technology,Enterprise,83923,2026-07-10,159,0.24,6,37,1,8,0.77,0.15,86,1,0
ACC-1911,Healthcare,Pro,31725,2027-01-18,351,0.03,9,54,0,3,0.59,0.58,77,1,0
ACC-1912,Finance,Enterprise,217326,2026-11-06,278,0.08,9,7,0,0,0.73,0.42,31,1,0
ACC-1913,Finance,Basic,16585,2026-08-07,187,0.6,7,65,0,7,0.92,0.97,19,1,0
ACC-1914,Technology,Pro,47288,2026-02-28,27,0.4,11,62,0,4,0.49,0.38,21,1,0
ACC-1915,Manufacturing,Basic,15657,2026-02-19,18,0.33,3,28,1,10,0.18,0.15,52,1,0
ACC-1916,Finance,Basic,13486,2026-02-08,7,0.33,7,12,0,0,0.98,0.37,62,1,0
ACC-1917,Technology,Basic,6685,2026-12-26,328,0.14,0,59,0,4,0.8,0.76,37,0,1
ACC-1918,Technology,Pro,24428,2027-01-15,348,0.76,3,4,0,9,0.76,0.5,40,0,0
ACC-1919,Retail,Pro,23781,2026-04-12,70,0.02,9,56,1,4,0.59,0.81,25,1,0
ACC-1920,Retail,Enterprise,78852,2026-12-05,307,0.58,5,19,0,7,0.35,0.84,82,0,1
ACC-1921,Healthcare,Enterprise,233067,2026-11-03,275,0.56,4,65,0,6,0.5,0.28,26,0,0
ACC-1922,Finance,Basic,17974,2026-10-14,255,0.36,5,3,0,3,0.81,0.46,24,0,1
ACC-1923,Finance,Basic,16084,2026-10-11,252,0.15,3,2,0,4,0.97,0.35,90,0,1
ACC-1924,Healthcare,Basic,14795,2026-11-25,297,0.74,14,68,0,9,0.39,0.87,80,1,0
ACC-1925,Technology,Enterprise,92389,2026-01-14,-18,0.22,7,69,0,6,0.22,0.3,46,0,0
ACC-1926,Retail,Pro,29551,2026-03-08,35,0.48,13,49,0,10,0.78,0.18,57,1,0
ACC-1927,Finance,Basic,17033,2026-10-11,252,0.36,6,3,0,7,0.62,0.65,13,0,0
ACC-1928,Retail,Basic,19082,2026-03-31,58,0.47,1,66,0,8,0.32,0.76,94,0,1
ACC-1929,Retail,Basic,6808,2026-09-02,213,0.12,8,27,0,0,0.73,0.59,73,1,0
ACC-1930,Manufacturing,Enterprise,60465,2026-06-25,144,0.65,15,14,0,2,0.73,0.27,61,1,0
ACC-1931,Retail,Basic,8795,2026-06-08,127,0.19,10,46,1,6,0.14,0.46,83,1,0
ACC-1932,Technology,Enterprise,120088,2026-02-18,17,0.71,0,36,0,8,0.18,0.6,69,0,0
ACC-1933,Healthcare,Enterprise,201672,2026-05-18,106,0.18,8,67,1,7,0.77,0.23,81,1,0
ACC-1934,Retail,Pro,35986,2027-01-08,341,0.08,15,72,0,4,0.36,0.16,22,1,0
ACC-1935,Finance,Basic,17102,2026-01-03,-29,0.05,4,57,0,4,0.81,0.16,61,0,1
ACC-1936,Healthcare,Basic,15528,2026-10-18,259,0.46,13,66,0,5,0.95,0.95,11,1,0
ACC-1937,Manufacturing,Enterprise,116477,2026-10-20,261,0.15,11,42,1,6,0.73,0.62,54,1,0
ACC-1938,Technology,Enterprise,188249,2026-01-27,-5,0.36,0,63,0,6,0.92,0.95,17,0,1
ACC-1939,Manufacturing,Enterprise,143452,2026-01-30,-2,0.06,11,13,0,5,0.17,0.9,100,1,0
ACC-1940,Manufacturing,Enterprise,105861,2026-01-13,-19,0.15,1,69,0,7,0.58,0.53,93,0,0
ACC-1941,Manufacturing,Pro,24562,2026-05-27,115,0.2,8,12,1,4,0.93,0.36,84,1,0
ACC-1942,Technology,Pro,24990,2026-08-11,191,0.06,5,49,0,7,0.73,0.6,12,0,0
ACC-1943,Manufacturing,Pro,47019,2026-11-26,298,0.08,3,11,0,5,0.56,0.8,61,0,1
ACC-1944,Finance,Basic,12299,2026-05-30,118,0.14,6,9,0,2,0.53,0.21,26,1,0
ACC-1945,Retail,Basic,19319,2026-06-13,132,0.67,10,28,0,9,0.17,0.16,43,1,0
ACC-1946,Technology,Basic,16400,2026-08-03,183,0.76,15,20,0,0,0.46,0.2,67,1,0
ACC-1947,Manufacturing,Pro,41121,2026-01-10,-22,0.0,11,25,0,3,0.32,0.23,86,1,0
ACC-1948,Technology,Basic,18049,2026-06-15,134,0.03,8,25,0,5,0.19,0.27,38,1,0
ACC-1949,Manufacturing,Enterprise,66492,2026-01-21,-11,0.49,1,63,0,8,0.97,0.15,66,0,1
ACC-1950,Manufacturing,Enterprise,166260,2026-05-06,94,0.04,3,33,0,9,0.6,0.15,63,0,0
ACC-1951,Finance,Enterprise,172558,2026-09-29,240,0.11,14,31,0,3,0.47,0.95,52,1,0
ACC-1952,Technology,Enterprise,239852,2027-01-21,354,0.56,1,28,0,7,0.21,0.79,79,0,1
ACC-1953,Healthcare,Basic,12717,2026-05-05,93,0.79,9,11,0,1,0.11,0.8,21,1,0
ACC-1954,Finance,Enterprise,186711,2026-10-23,264,0.25,9,61,0,5,0.84,0.25,52,1,0
ACC-1955,Manufacturing,Enterprise,167626,2026-04-06,64,0.41,5,31,0,0,0.48,1.0,24,1,0
ACC-1956,Finance,Enterprise,150398,2026-06-03,122,0.23,14,65,0,2,0.12,0.15,38,1,0
ACC-1957,Technology,Pro,32601,2026-05-26,114,0.19,6,32,0,8,0.56,0.28,46,0,0
ACC-1958,Finance,Enterprise,162876,2026-10-11,252,0.57,15,34,1,5,0.17,0.37,16,1,0
ACC-1959,Finance,Enterprise,128636,2026-09-27,238,0.54,0,31,0,6,0.41,0.67,26,0,0
ACC-1960,Finance,Enterprise,166742,2027-01-16,349,0.61,0,54,0,3,0.28,0.55,71,1,0
ACC-1961,Finance,Basic,15781,2026-10-24,265,0.33,9,22,0,1,0.89,0.13,51,1,0
ACC-1962,Retail,Enterprise,154137,2026-10-09,250,0.25,1,52,1,1,0.1,0.99,16,1,0
ACC-1963,Manufacturing,Pro,37948,2026-07-17,166,0.48,10,69,1,3,0.98,0.18,65,1,0
ACC-1964,Finance,Enterprise,156190,2026-09-19,230,0.33,2,61,0,2,0.91,0.46,78,0,1
ACC-1965,Finance,Enterprise,183504,2026-03-07,34,0.72,2,59,0,0,0.15,0.9,68,1,0
ACC-1966,Manufacturing,Basic,18785,2026-03-02,29,0.28,6,13,0,3,0.2,0.22,25,1,0
ACC-1967,Technology,Pro,29148,2026-01-09,-23,0.51,2,11,1,3,0.9,0.34,13,1,0
ACC-1968,Healthcare,Pro,21296,2026-07-19,168,0.6,11,49,0,5,0.91,0.11,67,1,0
ACC-1969,Finance,Basic,15363,2026-08-01,181,0.72,12,38,0,2,0.22,0.77,60,1,0
ACC-1970,Manufacturing,Pro,29990,2026-11-17,289,0.69,12,53,0,3,0.17,0.17,90,1,0
ACC-1971,Healthcare,Pro,35854,2026-05-16,104,0.32,3,30,0,3,0.5,0.86,61,0,1
ACC-1972,Finance,Pro,34219,2026-09-28,239,0.79,7,17,0,2,0.92,0.18,41,1,0
ACC-1973,Retail,Basic,6960,2026-02-16,15,0.04,1,5,0,0,0.65,0.56,78,0,0
ACC-1974,Finance,Basic,10003,2027-01-01,334,0.79,0,27,0,8,0.74,0.97,15,0,1
ACC-1975,Retail,Basic,9168,2027-01-06,339,0.03,7,57,1,9,0.27,0.93,66,1,0
ACC-1976,Technology,Basic,8127,2026-10-17,258,0.21,10,22,1,2,0.63,0.37,14,1,0
ACC-1977,Finance,Basic,6827,2026-12-04,306,0.3,12,49,0,6,0.71,0.49,38,0,0
ACC-1978,Technology,Enterprise,231678,2026-08-17,197,0.2,5,8,0,6,0.5,0.52,33,0,0
ACC-1979,Manufacturing,Basic,7802,2026-09-10,221,0.59,9,32,0,10,0.47,0.52,96,1,0
ACC-1980,Finance,Enterprise,193703,2026-02-04,3,0.45,9,14,0,10,0.96,0.47,98,1,0
ACC-1981,Retail,Basic,11776,2026-12-23,325,0.18,11,66,0,0,0.81,0.45,74,1,0
ACC-1982,Healthcare,Basic,16381,2026-05-14,102,0.35,2,39,0,2,0.69,0.67,97,0,0
ACC-1983,Retail,Enterprise,63802,2026-01-17,-15,0.43,10,64,0,0,0.25,0.69,77,1,0
ACC-1984,Healthcare,Basic,12727,2026-10-18,259,0.06,15,34,0,0,0.34,0.27,100,1,0
ACC-1985,Healthcare,Enterprise,118694,2026-11-03,275,0.4,2,18,0,1,0.3,0.39,46,0,0
ACC-1986,Healthcare,Basic,8607,2026-09-14,225,0.59,7,15,1,6,0.48,0.34,22,1,0
ACC-1987,Technology,Basic,10505,2026-09-04,215,0.63,4,44,0,10,0.75,0.77,77,0,1
ACC-1988,Technology,Basic,6012,2026-05-23,111,0.16,14,11,0,0,0.28,0.95,85,1,0
ACC-1989,Healthcare,Basic,16056,2026-09-13,224,0.38,2,72,0,10,0.93,0.65,20,0,1
ACC-1990,Technology,Enterprise,173467,2026-05-31,119,0.77,8,45,0,5,0.48,0.43,97,1,0
ACC-1991,Technology,Basic,17375,2027-01-03,336,0.5,12,60,0,1,0.82,0.18,54,1,0
ACC-1992,Finance,Enterprise,82938,2026-06-02,121,0.39,12,43,0,4,1.0,0.81,95,1,0
ACC-1993,Retail,Pro,25954,2026-01-11,-21,0.55,11,60,1,2,0.57,0.93,29,1,0
ACC-1994,Technology,Enterprise,225863,2026-12-27,329,0.37,0,54,0,1,0.25,0.19,23,0,0
ACC-1995,Finance,Pro,48922,2026-10-06,247,0.26,0,15,0,7,0.19,0.59,32,0,0
ACC-1996,Finance,Enterprise,114036,2026-07-20,169,0.79,0,33,0,4,0.72,0.99,17,1,0
ACC-1997,Retail,Basic,11833,2027-01-27,360,0.01,10,9,0,1,0.86,0.17,94,1,0
ACC-1998,Retail,Pro,31197,2027-01-02,335,0.35,11,32,0,10,0.22,0.27,89,0,0
ACC-1999,Technology,Enterprise,91978,2026-02-27,26,0.55,11,54,0,8,0.31,0.9,27,1,0
